country,year,sex,list,agf,cause,total,d20_new,d30_new,d40_new,d50_new,d60_new,d70_new,d80_new,d90_new,d100p,Calculated total,Check total
USA,1979,1,long,4,0,1044958.97,92486.63,32333.20,53141.34,132709.28,232642.20,272436.66,185400.44,42505.68,1303.54,1044958.97,0.00
USA,1979,1,long,4,1,646651.27,90511.83,28119.99,35928.48,79028.9,134618.05,154843.36,101482.43,21505.09,609.67,646647.8,3.47
USA,1979,1,long,4,102,24.49,2.38,1.55,1.71,5.87,5.58,5.55,1.59,0.26,0.01,24.5,-0.01
USA,1979,1,long,4,103,2257.85,71.58,78.54,195.57,451.02,632.78,595.72,205.56,26.9,0.13,2257.8,0.05
USA,1979,1,long,4,104,1532.35,15.23,20.06,92.31,272.93,423.65,390.97,257.88,58.46,0.84,1532.33,0.02
USA,1979,1,long,4,105,7036.81,35.76,136.18,458.40,1187.59,1880.42,1900.16,1200.18,230.39,7.71,7036.79,0.02
USA,1979,1,long,4,106,2496.25,25.59,46.78,84.79,192.34,424.56,720.47,762.62,234.83,4.28,2496.26,-0.01
USA,1979,1,long,4,107,1467.56,8.68,16.77,40.06,92.62,257.44,456.47,444.66,145.25,5.71,1467.66,-0.10
USA,1979,1,long,4,108,178988.41,270.36,1898.51,9032.19,28592.29,50812.4,53973.20,29055.06,5230.59,121.17,178985.77,2.64
USA,1979,1,long,4,109,3259.88,17.35,61.47,204.33,610.74,939.97,867.70,449.66,106.56,2.1,3259.88,0
USA,1979,1,long,4,110,158438.62,157.28,999.31,4968.15,16729.27,32816.65,47128.08,42572.66,12607.10,465.51,158444.01,-5.39
USA,1979,1,long,4,111,5849.09,178.88,121.11,277.37,763.77,1452.63,1777.78,1042.09,225.06,10.39,5849.08,0.01
USA,1979,1,long,4,112,36956.39,1191.71,832.93,1857.98,4781.94,8378.07,9777.20,7926.05,2135.19,76.02,36957.09,-0.7
USA,1979,2,long,4,0,868882.02,46016.28,15914.56,30287.77,75473.86,139842.22,219802.08,249321.67,88279.71,3943.87,868882.02,0
USA,1979,2,long,4,1,528695.73,44744.71,14300.09,25009.21,56951.54,91716.76,124252.84,127709.31,42260.01,1742.67,528687.14,8.59
USA,1979,2,long,4,102,40.36,1.24,1.91,1.95,7.80,10.07,11.09,5.48,0.79,0.02,40.35,0.01
USA,1979,2,long,4,103,4411.83,61.15,94.70,262.62,619.78,1239.24,1366.66,645.71,118.80,2.89,4411.55,0.28
USA,1979,2,long,4,104,1839.48,9.16,16.02,72.19,161.27,310.52,500.17,568.88,192.61,8.61,1839.43,0.05
USA,1979,2,long,4,105,9662.35,25.61,82.81,257.34,779.20,1623.11,2692.39,3252.39,914.47,34.36,9661.68,0.67
USA,1979,2,long,4,106,2668.15,16.02,34.50,63.64,174.1,353.73,729.76,936.06,343.58,16.76,2668.15,0
USA,1979,2,long,4,107,2098.02,5.3,15.55,26.44,86.29,248.40,536.22,830.27,327.97,21.8,2098.24,-0.22
USA,1979,2,long,4,108,118133.55,89.94,427.44,1987.96,8362.68,21922.19,38905.52,36566.11,9504.08,359.98,118125.9,7.65
USA,1979,2,long,4,109,2021.13,5.89,16.38,41.07,168.40,376.89,610.08,593.44,197.09,11.94,2021.18,-0.05
USA,1979,2,long,4,110,158788.86,67.45,255.17,1318.64,5243.80,15999.53,39746.01,65261.53,29428.48,1483.65,158804.26,-15.40
USA,1979,2,long,4,111,6113.12,228.62,189.20,322.01,586.33,1154.99,1660.43,1564.02,393.86,13.24,6112.7,0.42
USA,1979,2,long,4,112,34409.44,761.19,480.79,924.70,2332.67,4886.79,8790.91,11388.47,4597.97,247.95,34411.44,-2.00
USA,1979,3,long,4,0,1913840.99,138502.91,48247.76,83429.11,208183.14,372484.42,492238.74,434722.11,130785.39,5247.41,1913840.99,0.00
USA,1979,3,long,4,1,1175347,135256.56,42420.12,60937.7,135980.43,226334.83,279096.17,229191.75,63765.09,2352.36,1175335.01,11.99
USA,1979,3,long,4,102,64.85,3.62,3.46,3.66,13.67,15.65,16.64,7.08,1.05,0.02,64.85,0
USA,1979,3,long,4,103,6669.69,132.74,173.24,458.19,1070.81,1872.00,1962.39,851.27,145.71,3.02,6669.37,0.32
USA,1979,3,long,4,104,3371.82,24.40,36.07,164.50,434.21,734.17,891.15,826.76,251.07,9.45,3371.78,0.04
USA,1979,3,long,4,105,16699.16,61.37,218.99,715.74,1966.79,3503.54,4592.56,4452.56,1144.86,42.08,16698.49,0.67
USA,1979,3,long,4,106,5164.4,41.61,81.27,148.43,366.44,778.29,1450.23,1698.68,578.41,21.04,5164.40,0
USA,1979,3,long,4,107,3565.58,13.97,32.32,66.50,178.90,505.84,992.69,1274.94,473.23,27.5,3565.89,-0.31
USA,1979,3,long,4,108,297121.96,360.32,2325.93,11020.15,36954.97,72734.60,92878.72,65621.17,14734.67,481.15,297111.68,10.28
USA,1979,3,long,4,109,5281.01,23.23,77.86,245.40,779.12,1316.86,1477.78,1043.09,303.64,14.04,5281.02,-0.01
USA,1979,3,long,4,110,317227.48,224.73,1254.47,6286.78,21973.08,48816.17,86874.09,107834.18,42035.57,1949.15,317248.22,-20.74
USA,1979,3,long,4,111,11962.21,407.48,310.31,599.38,1350.11,2607.61,3438.21,2606.11,618.92,23.63,11961.76,0.45
USA,1979,3,long,4,112,71365.83,1952.88,1313.72,2782.68,7114.61,13264.86,18568.11,19314.52,6733.17,323.97,71368.52,-2.69
USA,1980,1,long,4,0,1075077.97,93099.14,33837.41,52278.14,133126.79,236732.74,283223.82,194737.35,46490.03,1552.55,1075077.97,0.00
USA,1980,1,long,4,1,667962.05,90989.14,29551.55,35684.34,80149.67,138227.09,162144.23,106667.74,23763.87,781.85,667959.48,2.57
USA,1980,1,long,4,102,26.44,3.28,1.87,2.11,3.70,6.58,6.05,2.55,0.29,0,26.43,0.01
USA,1980,1,long,4,103,2254.97,69.95,88.70,168.62,414.10,667.42,568.16,240.63,37.25,0.09,2254.92,0.05
USA,1980,1,long,4,104,1720.25,15.72,28.17,104.91,283.46,452.31,474.61,286.63,73.34,1.06,1720.21,0.04
USA,1980,1,long,4,105,7020.05,29.58,142.87,388.35,1140.97,1895.01,1949.15,1227.93,241.62,4.42,7019.9,0.15
USA,1980,1,long,4,106,2580.8,20.03,46.79,79.17,200.66,402.80,756.81,807.40,256.32,10.93,2580.91,-0.11
USA,1980,1,long,4,107,1459.16,6.97,15.02,30.53,100.95,249.72,436.30,467.97,144.27,7.52,1459.25,-0.09
USA,1980,1,long,4,108,176481.6,254.09,1723.71,8524.15,27289.77,49611.24,53788.92,29688.67,5461.48,136.64,176478.67,2.93
USA,1980,1,long,4,109,3264.13,12.25,68.38,212.46,587.22,924.84,868.13,498.40,89.45,2.99,3264.12,0.01
USA,1980,1,long,4,110,165658.29,172.53,1075.73,4910.06,17123.34,33812.96,49281.36,45083.48,13696.30,507.27,165663.03,-4.74
USA,1980,1,long,4,111,6053.66,185.28,152.54,258.24,771.69,1529.12,1836.79,1098.34,214.15,7.44,6053.59,0.07
USA,1980,1,long,4,112,40596.57,1340.32,942.08,1915.20,5061.26,8953.65,11113.31,8667.61,2511.69,92.34,40597.46,-0.89
USA,1980,2,long,4,0,914763.03,46104.78,16342.12,30295.77,76322.52,145823.74,230878.93,264984.40,99341.90,4668.87,914763.03,0.00
USA,1980,2,long,4,1,556055.45,44705.39,14771.29,25012.41,57557.07,95910.36,131565.98,136510.77,47839.15,2175.33,556047.75,7.7
USA,1980,2,long,4,102,36.42,1.46,1.66,1.49,5.21,9.62,11.51,4.74,0.71,0.02,36.42,0
USA,1980,2,long,4,103,4449.74,70.03,97.69,259.84,636.50,1204.78,1383.90,687.97,107.40,1.34,4449.45,0.29
USA,1980,2,long,4,104,2064.82,8.21,18.90,66.53,192.48,358.03,593.72,598.15,216.35,12.47,2064.84,-0.02
USA,1980,2,long,4,105,9791.73,20.66,75.16,254.09,746.42,1562.16,2701.04,3335.39,1059.00,37.14,9791.06,0.67
USA,1980,2,long,4,106,2849.72,30.79,35.28,61.14,153.45,379.44,802.42,986.87,387.46,12.75,2849.6,0.12
USA,1980,2,long,4,107,2173.94,4.78,11.14,29.89,81.75,260.70,546.37,844.92,366.42,28.31,2174.28,-0.34
USA,1980,2,long,4,108,119859.24,90,362.17,1955.14,7908.06,22037.78,39404.92,37270.08,10426.31,397.24,119851.7,7.54
USA,1980,2,long,4,109,2064.75,6.88,9.27,44.20,187.64,379.32,599.21,612.79,219.70,5.66,2064.67,0.08
USA,1980,2,long,4,110,170483.72,68.78,250.05,1348.85,5748.42,17087.32,41788.66,69740.07,32759.60,1706.98,170498.73,-15.01
USA,1980,2,long,4,111,6579.26,236.19,184.71,290.11,680.02,1256.10,1841.64,1638.77,435.60,15.64,6578.78,0.48
USA,1980,2,long,4,112,38354.24,861.61,524.80,972.08,2425.50,5378.13,9639.56,12753.88,5524.20,275.99,38355.75,-1.51
USA,1980,3,long,4,0,1989841,139203.92,50179.53,82573.91,209449.31,382556.48,514102.75,459721.75,145831.93,6221.42,1989841,0
USA,1980,3,long,4,1,1224017.5,135694.46,44322.84,60696.74,137706.72,234137.43,293710.23,243178.51,71603.06,2957.18,1224007.17,10.33
USA,1980,3,long,4,102,62.86,4.73,3.54,3.61,8.91,16.20,17.56,7.30,1.0,0.02,62.87,-0.01
USA,1980,3,long,4,103,6704.71,139.99,186.39,428.45,1050.61,1872.20,1952.07,928.59,144.64,1.43,6704.37,0.34
USA,1980,3,long,4,104,3785.07,23.93,47.06,171.44,475.94,810.35,1068.33,884.78,289.69,13.54,3785.06,0.01
USA,1980,3,long,4,105,16811.78,50.24,218.03,642.44,1887.40,3457.16,4650.18,4563.32,1300.62,41.56,16810.95,0.83
USA,1980,3,long,4,106,5430.52,50.82,82.07,140.31,354.11,782.23,1559.23,1794.28,643.79,23.68,5430.52,0.00
USA,1980,3,long,4,107,3633.1,11.76,26.16,60.42,182.70,510.43,982.67,1312.89,510.68,35.82,3633.53,-0.43
USA,1980,3,long,4,108,296340.84,344.1,2085.88,10479.29,35197.83,71649.03,93193.83,66958.75,15887.77,533.88,296330.36,10.48
USA,1980,3,long,4,109,5328.88,19.15,77.64,256.66,774.86,1304.16,1467.34,1111.18,309.15,8.65,5328.79,0.09
USA,1980,3,long,4,110,336142.01,241.32,1325.78,6258.91,22871.75,50900.28,91070.02,114823.55,46455.90,2214.25,336161.76,-19.75
USA,1980,3,long,4,111,12632.92,421.45,337.25,548.36,1451.71,2785.22,3678.43,2737.11,649.74,23.08,12632.35,0.57
USA,1980,3,long,4,112,78950.81,2201.97,1466.89,2887.28,7486.77,14331.79,20752.86,21421.49,8035.89,368.33,78953.27,-2.46
USA,1981,1,long,4,0,1063772.02,88079.23,34764.89,51604.64,129231.63,234226.57,283394.22,194641.77,46312.51,1516.56,1063772.02,0
USA,1981,1,long,4,1,662577.98,86083.42,30327.04,35170.7,78354,137565.01,163286.09,107307.1,23742.73,737.56,662573.65,4.33
USA,1981,1,long,4,102,25.87,2.86,2.08,2.84,3.46,6.14,5.60,2.57,0.30,0.01,25.86,0.01
USA,1981,1,long,4,103,2136.5,55.18,76.22,154.64,352.87,614.88,614.45,246.12,21.95,0.09,2136.40,0.1
USA,1981,1,long,4,104,1757.88,5.82,20.47,112.03,287.69,486.65,482,296.78,63.90,2.51,1757.85,0.03
USA,1981,1,long,4,105,6964.54,38.94,142.58,410.72,1152.86,1822.71,1923.44,1234.74,233.07,5.34,6964.4,0.14
USA,1981,1,long,4,106,2530.68,21.05,44.84,67.16,194.72,385.55,736.42,826.53,245.30,9.21,2530.78,-0.1
USA,1981,1,long,4,107,1354.16,7.51,19.95,34.65,93.40,224.55,405.29,458.85,102.42,7.68,1354.3,-0.14
USA,1981,1,long,4,108,171434.71,238.80,1805.49,8290.12,25542.25,47618.36,53180.06,29376.16,5236.1,143.64,171430.98,3.73
USA,1981,1,long,4,109,3060.29,13.53,65.54,169.29,563.60,866.16,841.43,451.16,84.85,4.73,3060.29,0.00
USA,1981,1,long,4,110,163747.92,204.16,1114.54,4953.83,16758.08,33973.42,48715.87,43826.27,13712.79,495.97,163754.93,-7.01
USA,1981,1,long,4,111,5856.24,165.72,179.26,267.86,725.88,1437.07,1786.53,1086.61,206.46,0.51,5855.9,0.34
USA,1981,1,long,4,112,42325.25,1242.24,966.88,1970.80,5202.82,9226.07,11417.04,9528.88,2662.64,109.31,42326.68,-1.43
USA,1981,2,long,4,0,914208.96,44331.17,16626.44,29557.11,75215.55,146103.19,229155.36,266315.07,101976.08,4928.99,914208.96,0
USA,1981,2,long,4,1,558338.75,42993.02,14937.23,24335.74,57029.03,96685.49,132626.44,137991.94,49492.99,2243.14,558335.02,3.73
USA,1981,2,long,4,102,35.19,0.7,1.38,2.35,5.38,7.96,11.62,4.46,1.33,0.02,35.2,-0.01
USA,1981,2,long,4,103,4213.79,56.43,95.88,227.78,544.24,1122.28,1378.59,689.54,97.76,1.13,4213.63,0.16
USA,1981,2,long,4,104,2211.85,9.11,18.62,67.38,182.72,389.42,607.11,636.57,289.06,11.9,2211.89,-0.04
USA,1981,2,long,4,105,9385.72,13.16,71.45,291.62,706.51,1481.42,2520.06,3233.14,1048.90,19.08,9385.34,0.38
USA,1981,2,long,4,106,2634.42,22.74,35.97,65.30,136.33,328.99,738.01,958.67,331.82,16.57,2634.4,0.02
USA,1981,2,long,4,107,2019.86,7.1,12.93,25.24,75.67,209.62,514.32,810.45,339.86,24.74,2019.93,-0.07
USA,1981,2,long,4,108,118413.79,108.19,391.96,1898.42,7640.42,21842.41,38127.18,37393.18,10613.90,394.45,118410.11,3.68
USA,1981,2,long,4,109,2027.36,7.47,18.48,51.53,158.01,359.11,584.79,638.85,194.32,14.79,2027.35,0.01
USA,1981,2,long,4,110,167647.97,64.6,275.84,1288.88,5497.59,16818.99,40299.31,68381.92,33168.74,1859.35,167655.22,-7.25
USA,1981,2,long,4,111,6294.12,221.28,200.18,298.90,571.06,1205.37,1782.81,1592.64,407.16,14.5,6293.9,0.22
USA,1981,2,long,4,112,40986.14,827.37,566.52,1003.97,2668.59,5652.13,9965.12,13983.71,5990.24,329.32,40986.97,-0.83
USA,1981,3,long,4,0,1977980.98,132410.40,51391.33,81161.75,204447.18,380329.76,512549.58,460956.84,148288.59,6445.55,1977980.98,0.00
USA,1981,3,long,4,1,1220916.72,129076.44,45264.28,59506.45,135383.01,234250.48,295912.49,245299.03,73235.74,2980.67,1220908.59,8.13
USA,1981,3,long,4,102,61.06,3.56,3.46,5.19,8.84,14.09,17.22,7.04,1.64,0.02,61.06,0
USA,1981,3,long,4,103,6350.29,111.61,172.09,382.42,897.13,1737.16,1993.03,935.65,119.71,1.23,6350.03,0.26
USA,1981,3,long,4,104,3969.73,14.95,39.09,179.41,470.41,876.08,1089.12,933.35,352.96,14.41,3969.78,-0.05
USA,1981,3,long,4,105,16350.26,52.1,214.03,702.34,1859.37,3304.13,4443.5,4467.88,1281.97,24.42,16349.74,0.52
USA,1981,3,long,4,106,5165.1,43.78,80.80,132.46,331.05,714.54,1474.44,1785.19,577.11,25.78,5165.15,-0.05
USA,1981,3,long,4,107,3374.02,14.62,32.88,59.89,169.07,434.18,919.62,1269.30,442.28,32.42,3374.26,-0.24
USA,1981,3,long,4,108,289848.51,346.98,2197.45,10188.55,33182.67,69460.77,91307.24,66769.34,15849.99,538.1,289841.09,7.42
USA,1981,3,long,4,109,5087.64,21.01,84.02,220.81,721.6,1225.27,1426.22,1090.01,279.17,19.52,5087.63,0.01
USA,1981,3,long,4,110,331395.89,268.77,1390.38,6242.71,22255.68,50792.42,89015.18,112208.20,46881.52,2355.32,331410.18,-14.29
USA,1981,3,long,4,111,12150.36,387.00,379.45,566.76,1296.95,2642.43,3569.35,2679.26,613.62,15.02,12149.84,0.52
USA,1981,3,long,4,112,83311.4,2069.58,1533.4,2974.76,7871.40,14878.21,21382.17,23512.59,8652.88,438.64,83313.63,-2.23
USA,1982,1,long,4,0,1056439.94,83904.92,34689.64,49650.48,124045.72,233900.88,286872.71,194508.42,47267.56,1599.61,1056439.94,0.00
USA,1982,1,long,4,1,657607.67,81784.22,30245.35,33811.01,75514.15,137536.01,165982,107608.14,24374.95,752.02,657607.85,-0.18
USA,1982,1,long,4,102,20.25,0.58,1.52,0.73,3.13,6.39,6.03,1.60,0.26,0.01,20.25,0
USA,1982,1,long,4,103,1975.31,53.37,68.44,131.30,305.82,631.16,567.39,193.83,23.90,0.09,1975.30,0.01
USA,1982,1,long,4,104,1824.48,8.67,27.82,93.73,273.33,506.43,516.10,314.33,81.17,2.92,1824.5,-0.02
USA,1982,1,long,4,105,7085.12,50.28,135.00,436.54,1087.87,1824.17,1997.82,1281.70,262.31,9.45,7085.14,-0.02
USA,1982,1,long,4,106,2403.43,16.87,58.42,65.65,164.50,385.95,728.73,730.39,245.02,7.88,2403.41,0.02
USA,1982,1,long,4,107,1263.83,7.87,25.15,30.34,92.08,197.96,407.29,361.7,139.10,2.31,1263.8,0.03
USA,1982,1,long,4,108,167938.84,287.69,1703.97,7698.98,24105.42,46514.98,52894.55,29317.44,5275.29,140.82,167939.14,-0.3
USA,1982,1,long,4,109,2937.04,21.72,59.20,195.07,534.90,822.15,791.94,419.41,90.47,2.18,2937.04,0.00
USA,1982,1,long,4,110,163112.13,236.53,1211.54,4944.59,16218.6,34075.55,48942.74,43424.64,13523.22,534.25,163111.66,0.47
USA,1982,1,long,4,111,5882.46,202.06,140.87,298.16,682.58,1544.80,1778.93,1025.15,203.37,6.57,5882.49,-0.03
USA,1982,1,long,4,112,44389.38,1235.06,1012.36,1944.38,5063.34,9855.33,12259.19,9830.09,3048.50,141.11,44389.36,0.02
USA,1982,2,long,4,0,918356.95,42635.64,16382.48,28760.87,72532.81,146838.14,233818.90,267190.03,104996.70,5201.38,918356.95,0
USA,1982,2,long,4,1,558740.15,41204.88,14768.69,23773.95,54949.06,98305.18,135002.35,138139.88,50180.56,2410.6,558735.15,5
USA,1982,2,long,4,102,32.29,2.49,1.33,1.64,2.64,8.51,10.07,4.01,1.58,0.03,32.3,-0.01
USA,1982,2,long,4,103,4175.09,50.49,69.97,185.66,480.25,1067.09,1454.41,706.54,157.50,3,4174.91,0.18
USA,1982,2,long,4,104,2217.74,6.1,9.23,57.10,180.93,358.07,651.52,677.88,259.99,17.03,2217.85,-0.11
USA,1982,2,long,4,105,9540.43,32.73,72.96,251.89,693.24,1492.81,2624.38,3264.38,1076.36,30.79,9539.54,0.89
USA,1982,2,long,4,106,2667.61,15.51,28.93,39.25,148.44,328.35,710.74,989.65,388.41,18.3,2667.58,0.03
USA,1982,2,long,4,107,1882.81,10.21,9.53,17.14,64.78,206.45,473.24,766.71,316.25,18.58,1882.89,-0.08
USA,1982,2,long,4,108,119368.45,118.58,403.79,1774.44,7547.14,21193.90,39325.87,37802.27,10798.59,397.24,119361.82,6.63
USA,1982,2,long,4,109,1843.7,5.39,12.65,52.82,151.19,323.42,554.14,557.37,179.30,7.38,1843.66,0.04
USA,1982,2,long,4,110,167564.76,66.81,249.67,1301.90,5200.19,16635.49,40190.49,67710.90,34348.22,1870.74,167574.41,-9.65
USA,1982,2,long,4,111,6381.56,264.77,215.22,292.80,536.79,1184.22,1839.60,1579.69,452.11,16.06,6381.26,0.3
USA,1982,2,long,4,112,43942.36,857.68,540.51,1012.28,2578.16,5734.65,10982.09,14990.75,6837.83,411.63,43945.58,-3.22
USA,1982,3,long,4,0,1974796.89,126540.56,51072.12,78411.35,196578.53,380739.02,520691.61,461698.45,152264.26,6800.99,1974796.89,0.00
USA,1982,3,long,4,1,1216347.8,122989.12,45014.03,57584.96,130463.25,235841.18,300984.37,245748.03,74555.51,3162.61,1216343.06,4.74
USA,1982,3,long,4,102,52.54,3.06,2.85,2.38,5.76,14.9,16.09,5.61,1.84,0.04,52.53,0.01
USA,1982,3,long,4,103,6150.4,103.86,138.40,316.96,786.07,1698.27,2021.80,900.36,181.41,3.09,6150.22,0.18
USA,1982,3,long,4,104,4042.22,14.78,37.06,150.83,454.26,864.48,1167.62,992.21,341.16,19.96,4042.36,-0.14
USA,1982,3,long,4,105,16625.56,83.02,207.96,688.43,1781.1,3316.98,4622.2,4546.08,1338.67,40.24,16624.68,0.88
USA,1982,3,long,4,106,5071.04,32.39,87.34,104.90,312.94,714.30,1439.47,1720.03,633.43,26.17,5070.97,0.07
USA,1982,3,long,4,107,3146.65,18.08,34.68,47.47,156.86,404.41,880.53,1128.42,455.35,20.89,3146.69,-0.04
USA,1982,3,long,4,108,287307.29,406.25,2107.75,9473.42,31652.56,67708.88,92220.42,67119.72,16073.89,538.06,287300.95,6.34
USA,1982,3,long,4,109,4780.74,27.10,71.85,247.89,686.09,1145.57,1346.08,976.77,269.76,9.56,4780.67,0.07
USA,1982,3,long,4,110,330676.89,303.32,1461.22,6246.49,21418.79,50711.04,89133.23,111135.54,47871.44,2405,330686.07,-9.18
USA,1982,3,long,4,111,12264.02,466.83,356.1,590.96,1219.36,2729.03,3618.52,2604.84,655.47,22.63,12263.74,0.28
USA,1982,3,long,4,112,88331.74,2092.75,1552.88,2956.66,7641.49,15589.98,23241.28,24820.84,9886.33,552.74,88334.95,-3.21
USA,1983,1,long,4,0,1071922.98,79595.59,34768.36,49625.10,121867.82,234985.33,296456.93,202117.67,50768.54,1737.64,1071922.98,0.00
USA,1983,1,long,4,1,669369.70,77491.13,30197.38,34080.45,74629.08,139522.67,173035.45,113137.71,26406.57,864.62,669365.06,4.64
USA,1983,1,long,4,102,16.76,1.76,1.69,0.80,2.41,3.89,4.21,1.68,0.33,0.01,16.78,-0.02
USA,1983,1,long,4,103,1867.02,65.89,68.36,132.95,291.73,556.48,480.40,234.03,36.01,1.1,1866.95,0.07
USA,1983,1,long,4,104,1979.85,11.98,27.19,102.71,274.57,524.52,592.51,362.00,81.77,2.58,1979.83,0.02
USA,1983,1,long,4,105,7211.95,34.41,178.55,428.49,1116.67,1927.87,1985.23,1267.05,266.48,7.05,7211.8,0.15
USA,1983,1,long,4,106,2354.55,22.67,46.02,74.81,165.65,382.92,712.68,711.94,230.62,7.25,2354.56,-0.01
USA,1983,1,long,4,107,1244.01,7.71,21.13,28.57,73.06,229.64,374.26,386.82,118.65,4.17,1244.01,0
USA,1983,1,long,4,108,163918.74,231.23,1678.89,7251.43,22659.38,44485.81,52472.90,29447.36,5533.18,154.85,163915.03,3.71
USA,1983,1,long,4,109,2891.97,12.68,46.44,178.91,468.72,821.61,799.45,449.02,108.15,7.12,2892.1,-0.13
USA,1983,1,long,4,110,166469.88,195.58,1227.65,5058.06,16215.78,34485.88,50253.71,44026.24,14471.15,542.95,166477,-7.12
USA,1983,1,long,4,111,6026.11,185.96,176.20,301.96,662.94,1521.55,1878.30,1078.67,214.68,5.71,6025.97,0.14
USA,1983,1,long,4,112,48572.44,1334.59,1098.86,1985.96,5307.83,10522.49,13867.83,11015.15,3300.95,140.23,48573.89,-1.45
USA,1983,2,long,4,0,947277.98,41267.24,16372.67,28773.43,72331.18,149215.40,240765.90,277163.02,115441.82,5947.32,947277.98,0.00
USA,1983,2,long,4,1,577784.06,39912.21,14796.6,23860.31,54845.38,100474.11,140822.41,144533.17,55859.72,2667.99,577771.9,12.16
USA,1983,2,long,4,102,35.12,0.35,1.54,3.09,6.46,8.19,9.47,4.84,1.15,0.03,35.12,0
USA,1983,2,long,4,103,3971.8,41.49,71.17,223.82,490.09,946.16,1288.51,750.38,154.83,5.04,3971.49,0.31
USA,1983,2,long,4,104,2408.25,6.4,11.43,67.22,174.60,386.81,695.81,722.31,322.48,21.32,2408.38,-0.13
USA,1983,2,long,4,105,9532.67,9.31,65.90,226.11,648.85,1449.92,2679.27,3232.50,1181.96,38.12,9531.94,0.73
USA,1983,2,long,4,106,2657.97,13.34,21.41,52.48,122.35,351.60,737.30,938.90,402.06,18.48,2657.92,0.05
USA,1983,2,long,4,107,1870.01,4.54,9.35,16.60,60.23,210.85,451.13,770.78,327.74,18.78,1870.00,0.01
USA,1983,2,long,4,108,119465.65,114.13,359.06,1754.49,7148.83,20851.34,39120.47,38057.24,11554.94,495.27,119455.77,9.88
USA,1983,2,long,4,109,1942.63,6.91,14.25,50.88,147.68,333.01,573.52,580.74,224.81,10.75,1942.55,0.08
USA,1983,2,long,4,110,172488.15,73.02,250.15,1227.76,5393.87,16781.75,40593.17,69125.98,36891.34,2171.41,172508.45,-20.3
USA,1983,2,long,4,111,6548.61,230.47,212.09,290.99,597.86,1254.26,1842.70,1622.50,478.95,18.3,6548.12,0.49
USA,1983,2,long,4,112,48573.06,855.07,559.72,999.68,2694.98,6167.40,11952.14,16823.68,8041.84,481.83,48576.34,-3.28
USA,1983,3,long,4,0,2019200.96,120862.83,51141.03,78398.53,194199.00,384200.73,537222.83,479280.69,166210.36,7684.96,2019200.96,0
USA,1983,3,long,4,1,1247153.79,117403.26,44993.99,57940.75,129474.43,239996.77,313857.88,257670.86,82266.27,3532.58,1247136.79,17
USA,1983,3,long,4,102,51.87,2.11,3.22,3.89,8.87,12.08,13.67,6.52,1.48,0.04,51.88,-0.01
USA,1983,3,long,4,103,5838.82,107.40,139.54,356.77,781.82,1502.64,1768.92,984.42,190.85,6.14,5838.5,0.32
USA,1983,3,long,4,104,4388.1,18.4,38.62,169.94,449.17,911.32,1288.31,1084.31,404.24,23.91,4388.22,-0.12
USA,1983,3,long,4,105,16744.62,43.72,244.44,654.60,1765.54,3377.79,4664.49,4499.55,1448.44,45.17,16743.74,0.88
USA,1983,3,long,4,106,5012.52,36.03,67.42,127.29,287.99,734.52,1449.99,1650.83,632.70,25.74,5012.51,0.01
USA,1983,3,long,4,107,3114.02,12.24,30.48,45.17,133.29,440.49,825.38,1157.60,446.39,22.95,3113.99,0.03
USA,1983,3,long,4,108,283384.39,345.37,2037.94,9005.92,29808.22,65337.15,91593.37,67504.60,17088.12,650.13,283370.82,13.57
USA,1983,3,long,4,109,4834.59,19.56,60.69,229.79,616.41,1154.62,1372.97,1029.77,332.96,17.87,4834.64,-0.05
USA,1983,3,long,4,110,338958.02,268.61,1477.82,6285.82,21609.65,51267.64,90846.88,113152.22,51362.49,2714.36,338985.49,-27.47
USA,1983,3,long,4,111,12574.72,416.46,388.29,592.95,1260.80,2775.82,3721.00,2701.17,693.63,24.01,12574.13,0.59
USA,1983,3,long,4,112,97145.5,2189.67,1658.58,2985.64,8002.81,16689.89,25819.97,27838.84,11342.79,622.06,97150.25,-4.75
USA,1984,1,long,4,0,1076514.03,78521.82,36723.09,50714.70,118261.90,234707.20,298405.12,204453.23,52823.36,1903.61,1076514.03,0
USA,1984,1,long,4,1,680040.3,76456.99,32048.68,35139.34,73512.72,141233.35,176690.41,116143.09,27891.63,916.78,680032.99,7.31
USA,1984,1,long,4,102,19,0.34,1.13,0.64,2.89,4.30,7.40,1.94,0.33,0.01,18.98,0.02
USA,1984,1,long,4,103,1917.27,42.13,75.05,122.14,272.98,532.24,593.64,245.7,32.63,0.67,1917.18,0.09
USA,1984,1,long,4,104,2067.25,7.98,21.15,111.80,275.84,569.85,633.10,347.78,96.67,3.08,2067.25,0
USA,1984,1,long,4,105,7049.31,35.49,154.40,438.79,1069.55,1826.67,1973.79,1258.13,281.94,10.45,7049.21,0.1
USA,1984,1,long,4,106,2259.83,21.54,54.12,75.78,144.65,358.50,737.35,643.25,217.42,7.29,2259.9,-0.07
USA,1984,1,long,4,107,1183.23,6.73,18.90,25.79,81.36,216.51,350.61,362.37,116.03,5.04,1183.34,-0.11
USA,1984,1,long,4,108,158278.63,227.28,1585.21,7075.42,21012.63,42333.35,50911.18,29277.61,5687.07,164.48,158274.23,4.40
USA,1984,1,long,4,109,2876.35,12.58,53.73,167.94,447.89,817.44,789.90,467.71,114.53,4.66,2876.38,-0.03
USA,1984,1,long,4,110,163647.25,206.08,1307.91,5049.73,15449.63,34200.49,49450.41,42977.82,14401.20,613.24,163656.51,-9.26
USA,1984,1,long,4,111,5948.16,218.14,196.04,330.56,650.27,1520.52,1768.10,1020.30,238.41,5.69,5948.03,0.13
USA,1984,1,long,4,112,51227.45,1286.54,1206.77,2176.77,5341.49,11093.98,14499.23,11707.53,3745.50,172.22,51230.03,-2.58
USA,1984,2,long,4,0,962854.89,40598.2,17225.06,29339.18,70254.48,150508.72,245466.57,281995.08,120915.45,6552.15,962854.89,0
USA,1984,2,long,4,1,593368.78,39199.7,15608.73,24488.14,53571.36,102387.58,145788.33,149774.22,59502.86,3035.69,593356.61,12.17
USA,1984,2,long,4,102,30.05,0.81,0.98,1.64,3.27,6.93,10.67,4.50,1.22,0.04,30.06,-0.01
USA,1984,2,long,4,103,3934.13,56.43,67.69,193.09,409.44,967.11,1310.88,757.33,165.87,6.03,3933.87,0.26
USA,1984,2,long,4,104,2568.51,4.22,13.57,61.75,196.28,414.19,754.05,772.06,328.39,24.08,2568.59,-0.08
USA,1984,2,long,4,105,9502.28,11.11,65.03,223.73,622.45,1475.42,2530.70,3312.06,1200.86,60.27,9501.63,0.65
USA,1984,2,long,4,106,2603.05,13.38,24.04,42.15,134.28,336.80,752.07,893.74,391.54,14.94,2602.94,0.11
USA,1984,2,long,4,107,1751.93,5.08,7.18,19.95,49.47,196.99,434.52,701.14,320.02,17.56,1751.91,0.02
USA,1984,2,long,4,108,118090,91.55,358.13,1708.2,6757.10,20026.13,38506.93,38282.31,11831.18,518.27,118079.8,10.2
USA,1984,2,long,4,109,1977.68,5.91,12.91,37.34,143.16,334.06,580.95,604.34,250.44,8.46,1977.57,0.11
USA,1984,2,long,4,110,170641.63,84.15,292.80,1269.39,5096.25,16662.65,40258.91,67213.57,37508.0,2275.81,170661.53,-19.90
USA,1984,2,long,4,111,6532.79,260.39,189.44,288.95,549.20,1237.08,1881.68,1630.52,481.40,13.5,6532.16,0.63
USA,1984,2,long,4,112,51854.06,865.47,584.56,1004.85,2722.22,6463.78,12656.88,18049.29,8933.67,577.5,51858.22,-4.16
USA,1984,3,long,4,0,2039368.92,119120.02,53948.15,80053.88,188516.38,385215.92,543871.69,486448.31,173738.81,8455.76,2039368.92,0
USA,1984,3,long,4,1,1273409.11,115656.67,47657.43,59627.47,127084.05,243620.92,322478.71,265917.3,87394.49,3952.48,1273389.52,19.59
USA,1984,3,long,4,102,49.04,1.15,2.10,2.28,6.16,11.23,18.06,6.45,1.55,0.05,49.03,0.01
USA,1984,3,long,4,103,5851.4,98.56,142.74,315.23,682.43,1499.35,1904.52,1003.02,198.5,6.7,5851.05,0.35
USA,1984,3,long,4,104,4635.76,12.22,34.73,173.54,472.13,984.03,1387.15,1119.84,425.06,27.15,4635.85,-0.09
USA,1984,3,long,4,105,16551.6,46.61,219.43,662.52,1692.01,3302.10,4504.49,4570.20,1482.80,70.72,16550.88,0.72
USA,1984,3,long,4,106,4862.88,34.91,78.16,117.94,278.92,695.30,1489.42,1536.98,608.96,22.23,4862.82,0.06
USA,1984,3,long,4,107,2935.16,11.81,26.07,45.73,130.83,413.50,785.13,1063.52,436.05,22.61,2935.25,-0.09
USA,1984,3,long,4,108,276368.62,318.81,1943.34,8783.62,27769.73,62359.47,89418.12,67559.93,17518.25,682.75,276354.02,14.60
USA,1984,3,long,4,109,4854.02,18.47,66.63,205.28,591.06,1151.50,1370.86,1072.05,364.97,13.11,4853.93,0.09
USA,1984,3,long,4,110,334288.88,290.25,1600.71,6319.13,20545.88,50863.16,89709.33,110191.39,51909.20,2889.05,334318.10,-29.22
USA,1984,3,long,4,111,12480.94,478.55,385.48,619.52,1199.47,2757.60,3649.79,2650.81,719.81,19.19,12480.22,0.72
USA,1984,3,long,4,112,103081.51,2152.01,1791.33,3181.62,8063.71,17557.76,27156.11,29756.82,12679.17,749.72,103088.25,-6.74
USA,1985,1,long,4,0,1097757.96,79094.35,39719.76,52137.31,116414.08,235858.50,305537.66,212043.85,55022.59,1929.86,1097757.96,0.00
USA,1985,1,long,4,1,700689.86,76974.28,34868.65,36686.16,72857.67,143755.82,183129.91,121773.93,29651.37,987.36,700685.15,4.71
USA,1985,1,long,4,102,19.56,1.05,0.83,1.39,3.56,5.11,4.88,2.28,0.43,0.01,19.54,0.02
USA,1985,1,long,4,103,1799.64,54.54,61.93,113.49,267.22,473.11,544.29,247.26,36.11,1.65,1799.60,0.04
USA,1985,1,long,4,104,2191.31,10.16,28.95,101.57,298.66,573.84,678.51,391.31,105.12,3.21,2191.33,-0.02
USA,1985,1,long,4,105,7120.97,45.71,174.31,442.43,1046.88,1848.19,1995.16,1282.87,282.41,2.79,7120.75,0.22
USA,1985,1,long,4,106,2175.68,16.99,49.42,75.57,154.84,362.82,677.57,633.71,196.76,8.06,2175.74,-0.06
USA,1985,1,long,4,107,1181.59,6.83,20.02,33.03,76.46,212.62,364.36,360.07,105.29,2.92,1181.6,-0.01
USA,1985,1,long,4,108,154311.67,248.46,1663.06,6723.94,19622.84,40573.71,49910.96,29503.05,5882.24,180.05,154308.31,3.36
USA,1985,1,long,4,109,2803.07,15.31,45.88,161.36,457.68,772.46,777.46,469.35,100.37,3.13,2803.00,0.07
USA,1985,1,long,4,110,164386.84,189.25,1293.00,5237.04,15433.34,34106.42,49725.26,43403.94,14433.52,571.99,164393.76,-6.92
USA,1985,1,long,4,111,6179.74,219.81,206.17,304.89,700.35,1537.80,1904.96,1086.86,212.08,6.65,6179.57,0.17
USA,1985,1,long,4,112,54898.03,1311.96,1307.54,2256.44,5494.58,11636.60,15824.34,12889.22,4016.89,162.04,54899.61,-1.58
USA,1985,2,long,4,0,988681.99,39922.57,17866.97,29527.52,69237.02,152343.47,250742.92,292121.07,130090.79,6829.66,988681.99,0.00
USA,1985,2,long,4,1,614930.18,38549.97,16164.51,24655.73,52967.67,104792.05,151533.32,158345.87,64732.47,3172.43,614914.02,16.16
USA,1985,2,long,4,102,26.24,0.57,0.93,0.83,2.56,4.72,10.81,4.56,1.24,0.04,26.26,-0.02
USA,1985,2,long,4,103,3789.24,46.07,69.68,161.79,415.82,840.77,1267.56,823.94,162.68,0.45,3788.76,0.48
USA,1985,2,long,4,104,2737.43,6.77,19.97,61.94,189.70,419.99,741.44,871.63,396.42,29.72,2737.58,-0.15
USA,1985,2,long,4,105,9586.67,15.55,62.77,227.96,649.63,1438.25,2487.30,3320.30,1335.68,48.48,9585.92,0.75
USA,1985,2,long,4,106,2554.86,14.94,27.81,50.58,117.37,335.21,719.76,884.57,386.49,18.03,2554.76,0.1
USA,1985,2,long,4,107,1706.58,5.18,9.37,18.71,63.20,185.17,411.86,666.17,324.57,22.51,1706.74,-0.16
USA,1985,2,long,4,108,117285.89,103.52,377.42,1615.81,6403.74,19496.92,37791.69,38387.67,12594.82,501.91,117273.5,12.39
USA,1985,2,long,4,109,2049.13,7.81,11.76,41.55,135.36,356.36,578.30,633.87,271.54,12.57,2049.12,0.01
USA,1985,2,long,4,110,170159.82,73.03,299.39,1279.94,4915.97,16332.15,39403.44,66486.21,38995.09,2400.48,170185.7,-25.88
USA,1985,2,long,4,111,6787.62,230.66,227.15,296.01,625.78,1223.86,1898.72,1740.34,523.80,20.65,6786.97,0.65
USA,1985,2,long,4,112,57068.33,868.5,596.21,1116.67,2750.22,6918.02,13898.72,19955.94,10365.99,602.39,57072.66,-4.33
USA,1985,3,long,4,0,2086439.95,119016.92,57586.73,81664.83,185651.1,388201.97,556280.58,504164.92,185113.38,8759.52,2086439.95,0
USA,1985,3,long,4,1,1315620.04,115524.3,51033.19,61341.90,125825.32,248547.83,334663.24,280119.81,94383.81,4159.78,1315599.18,20.86
USA,1985,3,long,4,102,45.8,1.62,1.77,2.22,6.12,9.83,15.68,6.84,1.67,0.05,45.8,0
USA,1985,3,long,4,103,5588.88,100.61,131.61,275.28,683.05,1313.88,1811.85,1071.21,198.79,2.11,5588.39,0.49
USA,1985,3,long,4,104,4928.74,16.91,48.91,163.52,488.36,993.82,1419.94,1262.94,501.55,32.93,4928.88,-0.14
USA,1985,3,long,4,105,16707.64,61.27,237.08,670.38,1696.51,3286.45,4482.46,4603.17,1618.08,51.27,16706.67,0.97
USA,1985,3,long,4,106,4730.54,31.91,77.23,126.16,272.21,698.04,1397.33,1518.28,583.25,26.09,4730.5,0.04
USA,1985,3,long,4,107,2888.17,12.02,29.39,51.73,139.67,397.79,776.22,1026.23,429.87,25.42,2888.34,-0.17
USA,1985,3,long,4,108,271597.56,351.96,2040.48,8339.73,26026.58,60070.65,87702.65,67890.72,18477.06,681.96,271581.79,15.77
USA,1985,3,long,4,109,4852.2,23.10,57.62,202.92,593.04,1128.83,1355.76,1103.22,371.92,15.7,4852.11,0.09
USA,1985,3,long,4,110,334546.66,262.27,1592.38,6516.97,20349.31,50438.57,89128.70,109890.14,53428.62,2972.47,334579.43,-32.77
USA,1985,3,long,4,111,12967.36,450.48,433.32,600.91,1326.13,2761.66,3803.68,2827.2,735.87,27.3,12966.55,0.81
USA,1985,3,long,4,112,111966.36,2180.47,1903.75,3373.11,8244.80,18554.62,29723.07,32845.16,14382.89,764.44,111972.31,-5.95
USA,1986,1,long,4,0,1104004.99,81457.34,44679.56,53282.70,112230.21,233858.92,306865.15,213795.20,55852.97,1982.94,1104004.99,0.00
USA,1986,1,long,4,1,714885.38,79332.06,39539.69,38096.35,71149.71,144092.63,186203.52,124891.83,30575.14,999.51,714880.44,4.94
USA,1986,1,long,4,102,16.7,0.3,0.83,0.76,2.38,4.40,5.09,2.45,0.47,0.01,16.69,0.01
USA,1986,1,long,4,103,1735.41,40.74,62.77,116.27,229.74,471.39,528.14,246.73,38.64,0.95,1735.37,0.04
USA,1986,1,long,4,104,2293.97,7.37,28.75,103.23,295.73,606.29,715.31,426.93,108.19,2.14,2293.94,0.03
USA,1986,1,long,4,105,6842.16,29.11,168.68,435.47,1017.45,1761.71,1932.46,1215.97,273.39,7.86,6842.1,0.06
USA,1986,1,long,4,106,2127.98,22.88,56.60,60.69,152.69,348.77,648.41,631.42,200.29,6.29,2128.04,-0.06
USA,1986,1,long,4,107,1069.33,11.66,28.66,24.52,66.87,204.52,327.01,318.14,84.78,3.17,1069.33,0
USA,1986,1,long,4,108,144364.12,215.57,1637.17,6347.23,17605.62,37521.66,46986.53,28365.62,5528.11,153.52,144361.03,3.09
USA,1986,1,long,4,109,2751.73,13.45,62.45,176.52,406.32,755.68,791.77,448.10,90.54,6.94,2751.77,-0.04
USA,1986,1,long,4,110,163104.98,199.30,1410.90,5161.61,15171.25,34294.10,49700.93,42244.55,14319.91,608.98,163111.53,-6.55
USA,1986,1,long,4,111,6137.01,217.7,224.67,306.28,647.85,1548.93,1899.25,1068.53,217.79,5.86,6136.86,0.15
USA,1986,1,long,4,112,58676.22,1367.20,1458.39,2453.77,5484.60,12248.84,17126.73,13934.93,4415.72,187.71,58677.89,-1.67
USA,1986,2,long,4,0,1001355.95,40162.68,18902.80,30069.00,66924.16,153680.48,253811.13,295544.52,134716.70,7544.48,1001355.95,0.00
USA,1986,2,long,4,1,626590,38714.62,17092.87,25133.64,51551.41,106617.42,155504.81,160935.35,67564.74,3461.09,626575.95,14.05
USA,1986,2,long,4,102,26.47,0.67,0.78,1.07,3.22,5.33,9.48,4.63,1.21,0.08,26.47,0
USA,1986,2,long,4,103,3724.95,39.15,68.19,159.71,348.36,837.08,1277.86,822.09,165.84,6.35,3724.63,0.32
USA,1986,2,long,4,104,3016.13,5.08,20.04,67.56,199.41,436.97,812.40,984.52,465.82,24.32,3016.12,0.01
USA,1986,2,long,4,105,9581.37,18.93,72.44,239.33,603.69,1391.52,2530.59,3274.60,1402.78,46.8,9580.68,0.69
USA,1986,2,long,4,106,2542.8,16,30.70,42.0,124.83,325.38,730.40,891.04,359.50,22.93,2542.78,0.02
USA,1986,2,long,4,107,1567.11,1.5,12.76,22.17,51.02,186.46,369.66,608.39,302.04,13.06,1567.06,0.05
USA,1986,2,long,4,108,114221.78,82.74,369.16,1625.26,5738.91,18599.87,36199.40,38162.80,12852.53,582.28,114212.95,8.83
USA,1986,2,long,4,109,2004.92,6.04,19.8,40.60,123.83,339.54,558.07,622.58,281.82,12.64,2004.92,0
USA,1986,2,long,4,110,169454.79,74.79,337.95,1290.28,4759.03,16294.08,39060.81,65725.89,39355.27,2576.8,169474.9,-20.11
USA,1986,2,long,4,111,7054.22,270.39,218.01,306.55,634.53,1346.03,1965.23,1764.46,536.26,12.09,7053.55,0.67
USA,1986,2,long,4,112,61571.41,932.77,660.10,1140.83,2785.92,7300.80,14792.42,21748.17,11428.89,786.04,61575.94,-4.53
USA,1986,3,long,4,0,2105360.94,121620.02,63582.36,83351.70,179154.37,387539.40,560676.28,509339.72,190569.67,9527.42,2105360.94,0
USA,1986,3,long,4,1,1341475.39,118046.7,56632.57,63229.98,122701.09,250710.07,341708.35,285827.16,98139.88,4460.61,1341456.41,18.98
USA,1986,3,long,4,102,43.16,0.96,1.63,1.83,5.60,9.73,14.57,7.08,1.69,0.09,43.18,-0.02
USA,1986,3,long,4,103,5460.36,79.89,130.96,275.98,578.11,1308.48,1806.0,1068.82,204.48,7.3,5460.02,0.34
USA,1986,3,long,4,104,5310.11,12.45,48.79,170.78,495.15,1043.25,1527.71,1411.45,574.01,26.46,5310.05,0.06
USA,1986,3,long,4,105,16423.53,48.06,241.11,674.80,1621.13,3153.23,4463.05,4490.57,1676.17,54.66,16422.78,0.75
USA,1986,3,long,4,106,4670.78,38.88,87.30,102.70,277.52,674.14,1378.81,1522.46,559.79,29.22,4670.82,-0.04
USA,1986,3,long,4,107,2636.43,13.16,41.41,46.69,117.88,390.98,696.67,926.52,386.82,16.23,2636.36,0.07
USA,1986,3,long,4,108,258585.89,298.31,2006.33,7972.49,23344.54,56121.53,83185.94,66528.42,18380.64,735.8,258574,11.89
USA,1986,3,long,4,109,4756.65,19.48,82.23,217.12,530.15,1095.21,1349.83,1070.69,372.36,19.58,4756.65,0
USA,1986,3,long,4,110,332559.77,274.08,1748.86,6451.89,19930.29,50588.18,88761.74,107970.44,53675.18,3185.78,332586.44,-26.67
USA,1986,3,long,4,111,13191.23,488.10,442.68,612.83,1282.38,2894.96,3864.47,2833.01,754.05,17.94,13190.42,0.81
USA,1986,3,long,4,112,120247.64,2299.95,2118.49,3594.61,8270.53,19549.64,31919.14,35683.10,15844.60,973.75,120253.81,-6.17
USA,1987,1,long,4,0,1107957.99,79313.29,46383.12,55443.44,109868.55,232516.84,307857.64,217825.42,56507.87,2241.82,1107957.99,0.00
USA,1987,1,long,4,1,724500.34,77216.2,41410.28,40140.44,70771.45,145416.5,188928.47,128350.09,31140.88,1120.42,724494.73,5.61
USA,1987,1,long,4,102,16.81,0.3,0.94,0.7,1.55,5.66,4.88,2.20,0.57,0.02,16.82,-0.01
USA,1987,1,long,4,103,1635.65,38.63,75.52,94.42,203.67,454.16,503.63,228.21,37.23,0.15,1635.62,0.03
USA,1987,1,long,4,104,2348.39,7.38,34.05,120.81,288.79,640.53,669.51,467.95,115.03,4.3,2348.35,0.04
USA,1987,1,long,4,105,7029.77,36.67,172.97,450.41,1017.82,1861.76,1882.68,1327.86,272.47,7.02,7029.66,0.11
USA,1987,1,long,4,106,2174.64,22.90,52.07,78.08,153.67,348.87,695.97,608.23,212.11,2.76,2174.66,-0.02
USA,1987,1,long,4,107,1057.75,8.63,31.60,36.22,82.22,186.59,311.71,304.17,90.07,6.63,1057.84,-0.09
USA,1987,1,long,4,108,138830.9,208.96,1468.96,6216.17,16338.88,35312.69,45158.47,28208.32,5710.11,205.36,138827.92,2.98
USA,1987,1,long,4,109,2528.51,10.78,48.28,149.55,355.71,673.34,723.06,449.30,110.67,7.85,2528.54,-0.03
USA,1987,1,long,4,110,162219.15,192.63,1416.34,5355.99,14598.08,33930.44,49818.60,42236.46,14004.54,672.96,162226.04,-6.89
USA,1987,1,long,4,111,6104.11,234.94,218.79,319.62,635.31,1464.18,1892.20,1084.84,250.32,3.78,6103.98,0.13
USA,1987,1,long,4,112,59511.97,1335.27,1453.32,2481.03,5421.40,12222.12,17268.46,14557.79,4563.87,210.57,59513.83,-1.86
USA,1987,2,long,4,0,1015365.03,39869.79,19740.34,30756.23,66073.26,153446.16,255006.45,301857.46,140281.90,8333.44,1015365.03,0
USA,1987,2,long,4,1,640396.31,38474.99,17936.44,25833.27,50974.39,106980.62,158303.4,166784.36,71155.08,3941.73,640384.28,12.03
USA,1987,2,long,4,102,26.63,0.3,0.74,0.79,2.52,5.42,9.05,6.05,1.71,0.07,26.65,-0.02
USA,1987,2,long,4,103,3763.93,47.74,70.53,146.33,322.41,861.26,1243.67,867.45,197.52,6.76,3763.67,0.26
USA,1987,2,long,4,104,3044.9,6.86,16.39,72.17,158.65,438.13,830.35,1019.03,476.53,26.77,3044.88,0.02
USA,1987,2,long,4,105,9529.18,15.46,73.30,232.87,604.15,1393.31,2453.3,3229.49,1467.73,59.21,9528.82,0.36
USA,1987,2,long,4,106,2559.63,18.53,32.11,48.98,115.93,340.75,705.6,898.85,379.68,19.06,2559.49,0.14
USA,1987,2,long,4,107,1607.26,4.40,14.72,19.45,45.72,180.05,408.94,612.29,308.40,13.27,1607.24,0.02
USA,1987,2,long,4,108,112302.8,95.37,384.90,1545.57,5530.59,17796.74,34863.71,38340.00,13098.49,639.43,112294.8,8
USA,1987,2,long,4,109,1973.77,3.12,14.99,49.57,121.25,302.2,539.96,645.43,276.55,20.71,1973.78,-0.01
USA,1987,2,long,4,110,169058.97,80.15,310.55,1331.73,4844.23,16245.03,38677.39,64887.97,39985.97,2713.17,169076.19,-17.22
USA,1987,2,long,4,111,7067.43,231.65,229.34,335.55,575.05,1387.10,1997.22,1738.69,550.00,22.3,7066.9,0.53
USA,1987,2,long,4,112,64034.22,891.22,656.33,1139.95,2778.37,7515.55,14973.86,22827.85,12384.24,870.96,64038.33,-4.11
USA,1987,3,long,4,0,2123323.02,119183.08,66123.46,86199.67,175941.81,385963.0,562864.09,519682.88,196789.77,10575.26,2123323.02,0
USA,1987,3,long,4,1,1364896.62,115691.18,59346.74,65973.71,121745.86,252397.15,347231.86,295134.47,102295.97,5062.15,1364879.09,17.53
USA,1987,3,long,4,102,43.44,0.59,1.67,1.49,4.07,11.07,13.93,8.24,2.27,0.09,43.42,0.02
USA,1987,3,long,4,103,5399.58,86.37,146.05,240.76,526.06,1315.42,1747.30,1095.66,234.76,6.91,5399.29,0.29
USA,1987,3,long,4,104,5393.29,14.25,50.44,192.97,447.44,1078.66,1499.87,1486.99,591.55,31.07,5393.24,0.05
USA,1987,3,long,4,105,16558.96,52.14,246.27,683.28,1621.97,3255.07,4335.98,4557.36,1740.20,66.24,16558.51,0.45
USA,1987,3,long,4,106,4734.27,41.42,84.18,127.05,269.6,689.61,1401.57,1507.09,591.78,21.82,4734.12,0.15
USA,1987,3,long,4,107,2665.02,13.02,46.32,55.67,127.94,366.63,720.64,916.47,398.46,19.89,2665.04,-0.02
USA,1987,3,long,4,108,251133.7,304.34,1853.86,7761.74,21869.47,53109.42,80022.19,66548.31,18808.61,844.79,251122.73,10.97
USA,1987,3,long,4,109,4502.28,13.91,63.27,199.13,476.96,975.55,1263.02,1094.72,387.23,28.57,4502.36,-0.08
USA,1987,3,long,4,110,331278.12,272.77,1726.89,6687.71,19442.31,50175.47,88495.99,107124.42,53990.52,3386.13,331302.21,-24.09
USA,1987,3,long,4,111,13171.55,466.60,448.13,655.18,1210.36,2851.28,3889.42,2823.52,800.33,26.08,13170.90,0.65
USA,1987,3,long,4,112,123546.19,2226.49,2109.64,3620.98,8199.77,19737.67,32242.32,37385.63,16948.09,1081.52,123552.11,-5.92
USA,1988,1,long,4,0,1125539.82,79922.59,48783.06,58619.70,107551.85,232190.99,310747.08,226554.94,58877.80,2291.81,1125539.82,0.00
USA,1988,1,long,4,1,742198.52,77812.48,43822.11,43522.15,70216.72,146623.99,191668.24,134649.91,32749.96,1127.43,742192.99,5.53
USA,1988,1,long,4,102,18.97,1.37,1.48,2.44,2.11,3.55,4.70,2.76,0.54,0.02,18.97,0
USA,1988,1,long,4,103,1627.72,44.46,53.83,106.28,199.96,409.24,494.84,278.23,40.63,0.19,1627.66,0.06
USA,1988,1,long,4,104,2408.09,6.16,32.35,108.89,284.87,602.57,724.73,501.64,141.90,5.02,2408.13,-0.04
USA,1988,1,long,4,105,7027.98,42.92,185.57,440.33,1005.41,1799.75,1904.91,1338.34,306.91,3.66,7027.8,0.18
USA,1988,1,long,4,106,2162.8,24.08,62.04,72.02,156.12,352.83,670.27,619.10,201.79,4.58,2162.83,-0.03
USA,1988,1,long,4,107,1064.26,8.59,30.45,33.90,63.08,190.57,301.16,343.64,89.79,3.05,1064.23,0.03
USA,1988,1,long,4,108,134461.75,190.48,1402.55,5884.12,14877.46,33580.10,43860.81,28763.17,5692.37,207.98,134459.04,2.71
USA,1988,1,long,4,109,2406.44,13.36,54.81,146.29,304.08,617.24,715.18,442.90,107.71,4.9,2406.47,-0.03
USA,1988,1,long,4,110,163646.88,200.31,1366.75,5385.54,14213.94,33941.24,50372.79,43230.66,14284.82,656.73,163652.78,-5.9
USA,1988,1,long,4,111,6310.87,200.25,220.06,310.67,690.52,1576.69,1929.77,1128.35,239.71,14.9,6310.92,-0.05
USA,1988,1,long,4,112,62205.54,1378.13,1551.06,2607.07,5537.58,12493.22,18099.68,15256.24,5021.67,263.35,62208,-2.46
USA,1988,2,long,4,0,1042459,40353.57,20182.30,31929.21,65649.69,153810.08,259031.25,315388.44,147194.99,8919.47,1042459,0
USA,1988,2,long,4,1,662710.47,38979.38,18370.55,26954.3,50843.5,108196.67,162594.07,176753.62,75755.2,4245.04,662692.33,18.14
USA,1988,2,long,4,102,28.13,0.05,1.65,0.79,3.65,6.18,9.14,5.04,1.53,0.1,28.13,0
USA,1988,2,long,4,103,3754.31,27.72,78.17,137.19,326.48,807.02,1258.30,914.70,195.88,8.52,3753.98,0.33
USA,1988,2,long,4,104,3222.92,8.16,19.82,71.70,198.41,466.35,822.05,1073.34,522.77,40.45,3223.05,-0.13
USA,1988,2,long,4,105,9630.57,15.67,82.61,260.14,573.98,1393.27,2426.78,3343.02,1473.70,60.55,9629.72,0.85
USA,1988,2,long,4,106,2688.69,19.91,41.93,46.16,127.47,376.02,735.57,925.49,401.05,14.79,2688.39,0.3
USA,1988,2,long,4,107,1553.79,7.74,12.46,20.03,53.02,198.42,373.86,607.47,267.36,13.32,1553.68,0.11
USA,1988,2,long,4,108,111107,99.89,343.51,1523.64,5160.99,16970.31,33926.24,38734.68,13672.11,664.57,111095.94,11.06
USA,1988,2,long,4,109,1973.83,8.82,9.35,38.94,105.47,289.28,514.40,674.90,315.71,16.92,1973.79,0.04
USA,1988,2,long,4,110,171057.52,69.21,317.44,1345.91,4834.71,16047.77,38817.14,66234.52,40519.23,2897.14,171083.07,-25.55
USA,1988,2,long,4,111,7187.74,243.39,226.7,340.12,606.55,1333.96,2030.43,1806.02,579.17,20.7,7187.04,0.7
USA,1988,2,long,4,112,67544.03,873.63,678.11,1190.29,2815.46,7724.83,15523.27,24315.64,13491.28,937.37,67549.88,-5.85
USA,1988,3,long,4,0,2167998.82,120276.16,68965.36,90548.91,173201.54,386001.07,569778.33,541943.38,206072.79,11211.28,2167998.82,0.00
USA,1988,3,long,4,1,1404908.99,116791.9,62192.67,70476.46,121060.22,254820.64,354262.27,311403.52,108505.16,5372.52,1404885.36,23.63
USA,1988,3,long,4,102,47.1,1.41,3.12,3.21,5.77,9.74,13.85,7.80,2.07,0.12,47.09,0.01
USA,1988,3,long,4,103,5382.02,72.16,132.01,243.47,526.42,1216.26,1753.15,1192.93,236.51,8.7,5381.61,0.41
USA,1988,3,long,4,104,5631.02,14.33,52.17,180.59,483.27,1068.93,1546.78,1574.98,664.66,45.47,5631.18,-0.16
USA,1988,3,long,4,105,16658.55,58.59,268.18,700.47,1579.39,3193.02,4331.71,4681.37,1780.61,64.21,16657.55,1
USA,1988,3,long,4,106,4851.49,44,103.95,118.20,283.6,728.86,1405.83,1544.60,602.84,19.36,4851.24,0.25
USA,1988,3,long,4,107,2618.05,16.33,42.9,53.93,116.10,389.00,675.03,951.11,357.15,16.37,2617.92,0.13
USA,1988,3,long,4,108,245568.75,290.36,1746.07,7407.76,20038.46,50550.40,77787.05,67497.85,19364.48,872.55,245554.98,13.77
USA,1988,3,long,4,109,4380.27,22.17,64.16,185.22,409.55,906.52,1229.57,1117.79,423.42,21.82,4380.22,0.05
USA,1988,3,long,4,110,334704.4,269.53,1684.20,6731.44,19048.64,49989.01,89189.93,109465.18,54804.06,3553.86,334735.85,-31.45
USA,1988,3,long,4,111,13498.61,443.63,446.76,650.80,1297.08,2910.64,3960.2,2934.37,818.88,35.59,13497.95,0.66
USA,1988,3,long,4,112,129749.57,2251.75,2229.17,3797.36,8353.04,20218.05,33622.96,39571.88,18512.95,1200.71,129757.87,-8.3
USA,1989,1,long,4,0,1114189.99,79273,51001.39,61324.91,105121.86,226507.77,305706.77,225822.49,57042.49,2389.31,1114189.99,0
USA,1989,1,long,4,1,746220.77,77339.41,46246.06,46141.79,69665.18,145192.19,192402.72,135616.76,32301.02,1311.45,746216.58,4.19
USA,1989,1,long,4,102,14.65,0.66,0.59,0.85,1.92,3.66,3.65,2.81,0.46,0.05,14.65,0
USA,1989,1,long,4,103,1579.72,26.25,48.90,123.44,169.77,391.38,495.23,282.21,40.89,1.58,1579.65,0.07
USA,1989,1,long,4,104,2253.49,14.34,32.41,123.00,274.67,563.13,656.11,457.44,127.01,5.41,2253.52,-0.03
USA,1989,1,long,4,105,7073.85,34.49,195.33,510.09,1007.44,1759.12,1899.49,1351.44,309.26,7.04,7073.7,0.15
USA,1989,1,long,4,106,2324.25,31.16,77.33,89.27,164.65,364.03,704.32,694.34,192.75,6.4,2324.25,0
USA,1989,1,long,4,107,1027.45,9.54,25.51,33.67,68.97,175.82,312.18,312.41,86.19,3.13,1027.42,0.03
USA,1989,1,long,4,108,132611.64,184.02,1315.34,5900.73,14407.31,32432.74,42791.15,29420.46,5961.27,194.93,132607.95,3.69
USA,1989,1,long,4,109,2359.89,13.82,41.22,144.47,304.85,621.78,646.44,474.48,102.68,10.18,2359.92,-0.03
USA,1989,1,long,4,110,157223.06,174.59,1313.26,5457.21,13607.06,32651.27,48049.57,42064.61,13288.19,623.34,157229.10,-6.04
USA,1989,1,long,4,111,5684.03,214.02,189.44,352.65,579.64,1368.70,1717.04,1041.00,215.58,5.84,5683.91,0.12
USA,1989,1,long,4,112,55817.19,1230.70,1516.00,2447.74,4870.40,10983.95,16028.87,14104.53,4417.19,219.96,55819.34,-2.15
USA,1989,2,long,4,0,1036276.05,40618.40,20502.75,32616.35,63795.52,151254.64,257669.33,313942.26,146383.54,9493.26,1036276.05,0
USA,1989,2,long,4,1,669046.38,39319.24,18686.94,27775.68,50103.05,108432.55,165325.97,178475.53,76305.9,4606.08,669030.94,15.44
USA,1989,2,long,4,102,26.95,1.22,1.21,1.48,2.18,5.86,7.85,5.46,1.63,0.06,26.95,0
USA,1989,2,long,4,103,3537.35,30.71,65.01,155.24,271.50,710.42,1171.06,920.98,208.54,3.51,3536.97,0.38
USA,1989,2,long,4,104,3124.48,10.01,17.78,68.33,147.42,440.64,785.67,1069.15,548.74,36.88,3124.62,-0.14
USA,1989,2,long,4,105,9708.61,12.68,88.94,271.58,552.89,1284.04,2380.96,3454.21,1566.40,96.66,9708.36,0.25
USA,1989,2,long,4,106,2696.15,18.74,34.82,52.83,115.05,337.29,730.06,959.18,423.85,24.17,2695.99,0.16
USA,1989,2,long,4,107,1534.86,5.13,9.40,19.29,44.22,179.7,394.34,598.07,267.55,17.12,1534.82,0.04
USA,1989,2,long,4,108,111424.34,74,316.65,1444.45,4850.12,16273.62,33136.72,39664.18,14866.43,789.45,111415.62,8.72
USA,1989,2,long,4,109,2004.18,4.88,12.83,40.32,96.25,292.74,531.52,660.74,346.43,18.54,2004.25,-0.07
USA,1989,2,long,4,110,164286.39,82.98,328.61,1338.63,4518.44,15389.92,37043.39,63809.76,38832.21,2963.45,164307.39,-21
USA,1989,2,long,4,111,6782.12,259.69,219.09,334.48,560.68,1110.76,1932.92,1815.07,530.25,18.47,6781.41,0.71
USA,1989,2,long,4,112,62104.24,799.12,721.47,1114.04,2533.72,6797.1,14228.87,22509.93,12485.61,918.87,62108.73,-4.49
USA,1989,3,long,4,0,2150466.04,119891.4,71504.14,93941.26,168917.38,377762.41,563376.10,539764.75,203426.03,11882.57,2150466.04,0
USA,1989,3,long,4,1,1415267.15,116658.59,64932.98,73917.46,119768.24,253624.75,357728.69,314092.29,108606.93,5917.54,1415247.47,19.68
USA,1989,3,long,4,102,41.59,1.88,1.79,2.33,4.10,9.52,11.50,8.27,2.09,0.11,41.59,0
USA,1989,3,long,4,103,5117.07,56.96,113.91,278.68,441.27,1101.80,1666.29,1203.20,249.43,5.09,5116.63,0.44
USA,1989,3,long,4,104,5377.97,24.36,50.19,191.33,422.09,1003.77,1441.78,1526.59,675.75,42.28,5378.14,-0.17
USA,1989,3,long,4,105,16782.46,47.18,284.27,781.67,1560.33,3043.15,4280.45,4805.64,1875.66,103.7,16782.05,0.41
USA,1989,3,long,4,106,5020.4,49.89,112.15,142.11,279.71,701.32,1434.39,1653.52,616.61,30.58,5020.28,0.12
USA,1989,3,long,4,107,2562.31,14.66,34.92,52.96,113.19,355.52,706.52,910.48,353.74,20.24,2562.23,0.08
USA,1989,3,long,4,108,244035.99,258.07,1631.99,7345.16,19257.42,48706.36,75927.87,69084.65,20827.68,984.38,244023.58,12.41
USA,1989,3,long,4,109,4364.08,18.7,54.06,184.79,401.10,914.52,1177.96,1135.22,449.11,28.72,4364.18,-0.1
USA,1989,3,long,4,110,321509.44,257.60,1641.88,6795.85,18125.50,48041.19,85092.95,105874.38,52120.39,3586.79,321536.53,-27.09
USA,1989,3,long,4,111,12466.15,473.71,408.53,687.14,1140.31,2479.46,3649.96,2856.06,745.83,24.31,12465.31,0.84
USA,1989,3,long,4,112,117921.43,2029.80,2237.47,3561.78,7404.12,17781.05,30257.74,36614.45,16902.81,1138.83,117928.05,-6.62
USA,1990,1,long,4,0,1113416.9,78891.45,51882.42,62990.16,102094.27,222576.74,305596.65,229266.58,57694.83,2423.8,1113416.90,0
USA,1990,1,long,4,1,752547.68,76992.53,47328.68,47831.71,68313.00,144528.69,194247.74,139153.99,32867.37,1277.84,752541.55,6.13
USA,1990,1,long,4,102,14.34,0.12,0.69,0.74,1.92,3.97,4.29,2.20,0.43,0.02,14.38,-0.04
USA,1990,1,long,4,103,1534.96,26.56,64.04,102.10,160.37,411.62,457.86,275.93,35.05,1.36,1534.89,0.07
USA,1990,1,long,4,104,2244.45,6.99,35.30,127.69,266.60,514.01,691.07,469.36,128.23,5.21,2244.46,-0.01
USA,1990,1,long,4,105,6996.38,36.44,188.10,506.92,955.74,1682.88,1830.59,1456.10,328.12,11.36,6996.25,0.13
USA,1990,1,long,4,106,2326.53,17.32,70.90,91.73,168.79,349.12,688.55,707.35,220.54,12.3,2326.60,-0.07
USA,1990,1,long,4,107,1029.66,7.18,28.02,44.40,77.40,192.32,266.72,322.92,84.78,5.96,1029.70,-0.04
USA,1990,1,long,4,108,127732.9,180.47,1219.70,5759.75,13753.96,30430.92,41203.35,28974.46,5994.72,212.47,127729.8,3.1
USA,1990,1,long,4,109,2376.26,9.87,43.14,174.93,321.81,603.89,671.71,433.21,111.66,6.04,2376.26,0.00
USA,1990,1,long,4,110,156279.85,185.82,1283.51,5438.32,13030.52,31993.51,48219.60,42232.09,13239.49,664.01,156286.87,-7.02
USA,1990,1,long,4,111,5614.6,213.52,222.11,324.78,587.44,1331.46,1693.79,1027.76,209.67,3.89,5614.42,0.18
USA,1990,1,long,4,112,54719.29,1214.63,1398.23,2587.09,4456.72,10534.35,15621.38,14211.21,4474.77,223.34,54721.72,-2.43
USA,1990,2,long,4,0,1035045.99,38667.43,20752.9,33378.68,62544.59,149711.14,256176.88,315795.75,148055.69,9962.93,1035045.99,0
USA,1990,2,long,4,1,673495.41,37407.18,18977.92,28500.85,49250.53,108277.37,166180.7,181837.67,78146.63,4897.03,673475.88,19.53
USA,1990,2,long,4,102,22.5,0.61,0.44,0.81,1.87,3.69,7.89,5.42,1.68,0.08,22.49,0.01
USA,1990,2,long,4,103,3508.97,28.32,53.27,134.99,294.42,679.78,1119.50,963.14,226.07,8.99,3508.48,0.49
USA,1990,2,long,4,104,3235.05,5.89,16.04,68.21,178.13,416.31,836.63,1091.61,583.33,39.09,3235.24,-0.19
USA,1990,2,long,4,105,9870.98,18.65,85.70,276.99,546.73,1331.16,2396.44,3487.52,1649.45,77.45,9870.09,0.89
USA,1990,2,long,4,106,2847.83,17.41,32.98,59.95,139.44,356.27,819.31,988.45,409.88,24,2847.69,0.14
USA,1990,2,long,4,107,1528.04,8.76,14.32,23.91,57.02,188.83,366.56,607.72,252.89,7.81,1527.82,0.22
USA,1990,2,long,4,108,108264.12,91.99,365.91,1403.92,4610.28,15334.67,32003.87,39134.94,14462.97,845.18,108253.73,10.39
USA,1990,2,long,4,109,1929.85,4.78,16.89,37.27,100.82,268.54,518.75,651.40,305.22,26.24,1929.91,-0.06
USA,1990,2,long,4,110,162260.74,68.88,285.06,1397.42,4461.99,15115.12,36471.28,62749.35,38660.08,3078.63,162287.81,-27.07
USA,1990,2,long,4,111,6688.36,255.99,242.42,340.06,518.18,1160.03,1839.66,1775.67,533.67,21.85,6687.53,0.83
USA,1990,2,long,4,112,61394.14,758.97,661.95,1134.30,2385.18,6579.37,13616.29,22502.86,12823.82,936.58,61399.32,-5.18
USA,1990,3,long,4,0,2148462.89,117558.88,72635.32,96368.84,164638.86,372287.88,561773.53,545062.33,205750.52,12386.73,2148462.89,0.00
USA,1990,3,long,4,1,1426043.08,114399.68,66306.59,76332.55,117563.55,252806.04,360428.44,320991.69,111014.02,6174.87,1426017.43,25.65
USA,1990,3,long,4,102,36.84,0.73,1.13,1.55,3.77,7.66,12.18,7.61,2.11,0.09,36.83,0.01
USA,1990,3,long,4,103,5043.93,54.88,117.32,237.10,454.79,1091.40,1577.36,1239.07,261.11,10.35,5043.38,0.55
USA,1990,3,long,4,104,5479.5,12.89,51.33,195.90,444.73,930.33,1527.70,1560.96,711.54,44.3,5479.68,-0.18
USA,1990,3,long,4,105,16867.36,55.11,273.8,783.91,1502.45,3014.04,4227.03,4943.63,1977.58,88.81,16866.36,1
USA,1990,3,long,4,106,5174.36,34.72,103.89,151.68,308.23,705.39,1507.86,1695.79,630.42,36.3,5174.28,0.08
USA,1990,3,long,4,107,2557.71,15.94,42.34,68.31,134.43,381.15,633.29,930.63,337.67,13.77,2557.53,0.18
USA,1990,3,long,4,108,235997.02,272.44,1585.62,7163.67,18364.25,45765.58,73207.21,68109.40,20457.69,1057.65,235983.51,13.51
USA,1990,3,long,4,109,4306.1,14.67,60.03,212.21,422.63,872.44,1190.46,1084.61,416.89,32.28,4306.22,-0.12
USA,1990,3,long,4,110,318540.59,254.70,1568.57,6835.74,17492.51,47108.63,84690.88,104981.45,51899.57,3742.63,318574.68,-34.09
USA,1990,3,long,4,111,12302.96,469.52,464.53,664.84,1105.62,2491.50,3533.45,2803.42,743.33,25.75,12301.96,1
USA,1990,3,long,4,112,116113.44,1973.6,2060.17,3721.38,6841.90,17113.72,29237.67,36714.07,17298.59,1159.93,116121.03,-7.59
USA,1991,1,long,4,0,1121664.92,77091.3,53273.07,66387.87,101028.1,218562.27,307765.02,235520.02,59471.33,2565.94,1121664.92,0
USA,1991,1,long,4,1,761521.27,75071.42,48584.96,50812.48,67993.82,142870.98,196446.43,144473.58,33939.03,1320.01,761512.71,8.56
USA,1991,1,long,4,102,17.88,0.17,0.63,1.00,1.67,3.82,6.48,3.48,0.59,0.05,17.89,-0.01
USA,1991,1,long,4,103,1509.38,24.67,40.31,108.22,151.66,350.51,473.40,309.14,49.38,2.04,1509.33,0.05
USA,1991,1,long,4,104,2369.18,15.35,29.40,126.37,260.17,565.33,680.09,544.66,139.70,8.21,2369.28,-0.1
USA,1991,1,long,4,105,7137.93,47.74,186.68,565.91,966.13,1617.94,1893.45,1502.10,343.07,14.82,7137.84,0.09
USA,1991,1,long,4,106,2327.42,20.81,64.76,103.06,164.93,325.72,713.10,690.66,237.61,6.8,2327.45,-0.03
USA,1991,1,long,4,107,1066.79,7.91,30.41,47.68,68.30,172.26,310.44,342.21,82.36,5.23,1066.8,-0.01
USA,1991,1,long,4,108,124469.21,181.2,1212.89,5790.19,13133.16,28953.92,40067.58,28822.19,6075.16,229.62,124465.91,3.3
USA,1991,1,long,4,109,2339.63,14.53,54.78,176.93,292.07,580.29,633.9,473.81,106.68,6.65,2339.64,-0.01
USA,1991,1,long,4,110,157072.54,210.60,1345.40,5619.63,12980.12,31425.88,48636.22,42590.38,13549.67,723.92,157081.82,-9.28
USA,1991,1,long,4,111,5531.16,200.75,217.49,353.36,546.97,1222.71,1714.24,1070.20,200.17,5.01,5530.90,0.26
USA,1991,1,long,4,112,56302.53,1296.15,1505.36,2683.04,4469.10,10472.91,16189.69,14697.61,4747.91,243.58,56305.35,-2.82
USA,1991,2,long,4,0,1047853,37741.89,21468.75,34825.47,62584.06,147514.50,258307.81,320900.34,153818.81,10691.37,1047853,0
USA,1991,2,long,4,1,684115.45,36464.8,19508.02,29654.31,49495.91,107426.83,169455.69,185910.48,80928.56,5250.03,684094.63,20.82
USA,1991,2,long,4,102,24.81,0.15,0.78,0.72,1.99,4.75,9.12,5.52,1.73,0.07,24.83,-0.02
USA,1991,2,long,4,103,3505.45,25.99,57.28,133.89,259.46,681.30,1160.44,969.17,211.54,5.79,3504.86,0.59
USA,1991,2,long,4,104,3385.69,7.73,17.51,85.05,142.9,430.41,879.92,1169.15,606.66,46.55,3385.88,-0.19
USA,1991,2,long,4,105,9991.73,16.89,104.12,271.47,531.69,1242.84,2342.29,3638.80,1732.25,110.99,9991.34,0.39
USA,1991,2,long,4,106,2919.61,16.11,41.82,68.79,140.43,372.40,804.48,1022.59,427.14,25.65,2919.41,0.2
USA,1991,2,long,4,107,1563.92,4.63,15.29,23.00,52.01,178.60,377.45,608.74,288.29,15.84,1563.85,0.07
USA,1991,2,long,4,108,107895.13,74.14,382.56,1496.71,4725.29,14523.08,31019.23,39221.10,15507.99,935.7,107885.8,9.33
USA,1991,2,long,4,109,1923.31,2.84,14.25,30.48,100.44,261.41,492.95,679.85,317.24,23.87,1923.33,-0.02
USA,1991,2,long,4,110,161845.95,83.18,359.44,1462.05,4227.00,14782.16,35851.68,62274.25,39636.57,3196.28,161872.61,-26.66
USA,1991,2,long,4,111,6828.97,253.09,248.90,377.97,551.23,1200.85,1867.26,1761.91,538.32,28.62,6828.15,0.82
USA,1991,2,long,4,112,63852.98,792.34,718.78,1221.03,2355.71,6409.87,14047.30,23638.78,13622.52,1051.98,63858.31,-5.33
USA,1991,3,long,4,0,2169517.92,114833.19,74741.82,101213.34,163612.16,366076.77,566072.83,556420.36,213290.14,13257.31,2169517.92,0
USA,1991,3,long,4,1,1445636.72,111536.25,68092.97,80466.82,117489.74,250297.81,365902.12,330384.07,114867.59,6570.06,1445607.43,29.29
USA,1991,3,long,4,102,42.7,0.32,1.42,1.72,3.66,8.57,15.60,9,2.32,0.11,42.72,-0.02
USA,1991,3,long,4,103,5014.82,50.64,97.59,242.09,411.12,1031.81,1633.83,1278.31,260.92,7.83,5014.14,0.68
USA,1991,3,long,4,104,5754.87,23.08,46.91,211.42,403.06,995.72,1560.00,1713.80,746.37,54.75,5755.11,-0.24
USA,1991,3,long,4,105,17129.65,64.63,290.79,837.38,1497.82,2860.78,4235.75,5140.90,2075.32,125.81,17129.18,0.47
USA,1991,3,long,4,106,5247.03,36.92,106.58,171.85,305.36,698.12,1517.58,1713.26,664.75,32.45,5246.87,0.16
USA,1991,3,long,4,107,2630.71,12.55,45.70,70.68,120.30,350.86,687.88,950.95,370.64,21.07,2630.63,0.08
USA,1991,3,long,4,108,232364.34,255.35,1595.46,7286.90,17858.45,43477.01,71086.81,68043.29,21583.14,1165.32,232351.73,12.61
USA,1991,3,long,4,109,4262.94,17.38,69.04,207.41,392.51,841.69,1126.85,1153.65,423.92,30.52,4262.97,-0.03
USA,1991,3,long,4,110,318918.49,293.76,1704.83,7081.67,17207.12,46208.05,84487.91,104864.64,53186.24,3920.2,318954.42,-35.93
USA,1991,3,long,4,111,12360.14,453.82,466.39,731.33,1098.21,2423.56,3581.50,2832.10,738.50,33.63,12359.04,1.10
USA,1991,3,long,4,112,120155.51,2088.49,2224.14,3904.07,6824.81,16882.79,30237.00,38336.39,18370.43,1295.56,120163.68,-8.17
USA,1992,1,long,4,0,1122335.94,72830.27,54534.43,70004.8,100756.96,213126.93,308258.12,239106.56,61162.08,2555.79,1122335.94,0
USA,1992,1,long,4,1,763996.49,70907.99,49757.50,53826.35,67856.57,140199.04,198031.9,146905.53,35196.77,1307.34,763988.99,7.5
USA,1992,1,long,4,102,19.49,0.67,0.43,2.97,2.16,3.78,6.00,2.88,0.58,0.02,19.49,0
USA,1992,1,long,4,103,1429.77,25.56,47.61,100.34,160.11,325.90,442.74,281.01,45.27,1.19,1429.73,0.04
USA,1992,1,long,4,104,2426.22,9.66,24.44,132.99,286.01,529.77,715.82,581.57,133.23,12.79,2426.28,-0.06
USA,1992,1,long,4,105,7306.21,35.77,219.23,582.25,1026.60,1651.24,1901.06,1499.67,377.22,13.1,7306.14,0.07
USA,1992,1,long,4,106,2572.26,29.7,71.55,103.60,154.16,391.67,801.10,773.42,236.54,10.61,2572.35,-0.09
USA,1992,1,long,4,107,1101.62,5.88,22.03,48.36,75.48,170.80,294.51,368.74,112.34,3.45,1101.59,0.03
USA,1992,1,long,4,108,121478.3,166.02,1235.88,5849.67,12790.71,27224.68,38969.60,28881.86,6123.60,233.21,121475.23,3.07
USA,1992,1,long,4,109,2186.7,8.70,48.22,174.93,281.34,501.74,611.23,433.70,122.13,4.74,2186.73,-0.03
USA,1992,1,long,4,110,157182.76,184.87,1375.05,5887.79,12998.52,30768.82,48629.06,42993.76,13632.79,720.07,157190.73,-7.97
USA,1992,1,long,4,111,5486.35,215.02,219.09,375.19,578.79,1236.40,1654.12,1001.68,200.01,5.95,5486.25,0.1
USA,1992,1,long,4,112,57149.77,1240.43,1513.40,2920.36,4546.51,10123.09,16200.98,15382.74,4981.60,243.32,57152.43,-2.66
USA,1992,2,long,4,0,1053276.94,35912.97,21761.42,35768.99,62355.93,144500.04,260388.94,325766.64,155622.3,11199.71,1053276.94,0
USA,1992,2,long,4,1,689885.18,34642.32,19843.74,30450.21,49183.21,105760.31,172717.38,189950.74,81914.73,5401.33,689863.97,21.21
USA,1992,2,long,4,102,26.06,0.56,1.00,0.92,2.37,4.11,9.00,5.97,2.07,0.06,26.06,0
USA,1992,2,long,4,103,3335.46,25.44,50.68,129.02,262.34,627.54,1103.13,900.00,231.25,5.7,3335.1,0.36
USA,1992,2,long,4,104,3583.67,4.91,21.94,73.90,168.94,439.63,902.55,1252.17,673.11,46.62,3583.77,-0.1
USA,1992,2,long,4,105,10213.84,23.72,90.38,279.37,607.70,1228.15,2338.33,3714.04,1817.96,113.84,10213.49,0.35
USA,1992,2,long,4,106,3117.48,14.63,38.24,68.43,142.99,381.12,834.53,1143.82,452.91,40.78,3117.45,0.03
USA,1992,2,long,4,107,1589.84,3.14,9.58,24.96,59.67,187.27,363.65,644.28,279.13,18.05,1589.73,0.11
USA,1992,2,long,4,108,105116.31,89.88,364.30,1542.85,4547.17,13615.26,29850.25,38764.10,15360.57,974.59,105108.97,7.34
USA,1992,2,long,4,109,1922.15,5.34,16.14,36.12,91.64,261.93,474.05,661.52,348.63,26.88,1922.25,-0.10
USA,1992,2,long,4,110,162041.04,78.47,358.07,1493.32,4392.4,14369.56,35549.30,62698.71,39730.40,3394.97,162065.2,-24.16
USA,1992,2,long,4,111,6882.87,261.96,247.49,413.02,528.36,1157.19,1937.77,1769.15,544.90,22.27,6882.11,0.76
USA,1992,2,long,4,112,65563.04,762.6,719.86,1256.87,2369.14,6467.97,14309.00,24262.14,14266.64,1154.62,65568.84,-5.8
USA,1992,3,long,4,0,2175612.88,108743.24,76295.85,105773.79,163112.89,357626.97,568647.06,564873.20,216784.38,13755.5,2175612.88,0
USA,1992,3,long,4,1,1453881.67,105550.31,69601.24,84276.58,117039.78,245959.36,370749.31,336856.27,117111.54,6708.7,1453853.09,28.58
USA,1992,3,long,4,102,45.55,1.22,1.44,3.89,4.53,7.90,14.99,8.84,2.64,0.08,45.53,0.02
USA,1992,3,long,4,103,4765.23,50.99,98.29,229.36,422.46,953.44,1545.87,1181.01,276.51,6.89,4764.82,0.41
USA,1992,3,long,4,104,6009.89,14.57,46.37,206.88,454.96,969.39,1618.38,1833.74,806.34,59.41,6010.04,-0.15
USA,1992,3,long,4,105,17520.05,59.49,309.60,861.62,1634.29,2879.38,4239.39,5213.70,2195.17,126.93,17519.57,0.48
USA,1992,3,long,4,106,5689.75,44.34,109.79,172.03,297.14,772.79,1635.62,1917.25,689.45,51.39,5689.8,-0.05
USA,1992,3,long,4,107,2691.45,9.03,31.61,73.32,135.15,358.07,658.16,1013.03,391.46,21.5,2691.33,0.12
USA,1992,3,long,4,108,226594.61,255.92,1600.18,7392.53,17337.87,40839.94,68819.84,67645.96,21484.17,1207.79,226584.20,10.41
USA,1992,3,long,4,109,4108.85,14.03,64.36,211.04,372.98,763.67,1085.28,1095.22,470.77,31.61,4108.96,-0.11
USA,1992,3,long,4,110,319223.8,263.33,1733.12,7381.11,17390.92,45138.38,84178.35,105692.47,53363.18,4115.04,319255.9,-32.1
USA,1992,3,long,4,111,12369.22,476.99,466.59,788.20,1107.16,2393.59,3591.89,2770.83,744.9,28.22,12368.37,0.85
USA,1992,3,long,4,112,122712.81,2003.02,2233.26,4177.23,6915.65,16591.06,30509.98,39644.88,19248.25,1397.94,122721.27,-8.46
USA,1993,1,long,4,0,1161796.95,72894.92,57166.39,73310.99,104523.94,213282.15,317922.6,254760.51,65164.15,2771.3,1161796.95,0
USA,1993,1,long,4,1,792976.45,70941.5,52214.19,56904.31,70599.5,140162.01,205828.87,157244.29,37609.21,1464.23,792968.11,8.34
USA,1993,1,long,4,102,21.34,0.72,0.44,2.05,2.53,5.14,6.06,3.74,0.66,0.02,21.36,-0.02
USA,1993,1,long,4,103,1485.83,25.89,52.13,88.75,148.06,328.99,468.78,308.33,62.63,2.23,1485.79,0.04
USA,1993,1,long,4,104,2721.43,11.79,43.36,157.59,317.44,570.82,809.96,628.38,175.48,6.6,2721.42,0.01
USA,1993,1,long,4,105,7773.23,39.73,245.07,621.06,1080.62,1647.65,1993.69,1696.08,431.91,17.27,7773.08,0.15
USA,1993,1,long,4,106,2545.33,20.87,68.89,106.62,188.28,398.60,740.06,801.87,208.50,11.61,2545.30,0.03
USA,1993,1,long,4,107,1115.88,15.17,25.85,45.12,78.93,164.47,308.48,367.94,104.59,5.36,1115.91,-0.03
USA,1993,1,long,4,108,120289.85,162.59,1216.89,5752.66,12673.99,26912.25,38117.32,28898.99,6322.54,229.78,120287.01,2.84
USA,1993,1,long,4,109,2076.01,11.48,50.34,154.88,260.37,463.26,554.76,459.95,115.35,5.61,2076,0.01
USA,1993,1,long,4,110,164297.37,203.78,1394.75,6122.10,13649.96,31025.80,50361.78,46464.60,14353.59,728.61,164304.97,-7.6
USA,1993,1,long,4,111,5367.01,201.38,232.02,393.11,570.94,1201.26,1584.14,975.90,201.14,7,5366.89,0.12
USA,1993,1,long,4,112,61127.22,1260.02,1622.46,2962.74,4953.32,10401.9,17148.70,16910.44,5578.55,292.98,61131.11,-3.89
USA,1993,2,long,4,0,1106756.03,36011.86,22790.56,37687.57,64397.70,145432.58,269431.16,347282.69,170933.70,12788.21,1106756.03,0.00
USA,1993,2,long,4,1,726385.34,34727.89,20583.79,32081.84,50903.39,106686.98,179852.79,204465.93,90915.34,6134.44,726352.39,32.95
USA,1993,2,long,4,102,32.83,1.59,1.61,2.88,3.10,4.57,9.70,6.94,2.36,0.09,32.84,-0.01
USA,1993,2,long,4,103,3304.76,21.08,56.80,138.03,248.62,573.24,1058.78,972.77,226.58,8.23,3304.13,0.63
USA,1993,2,long,4,104,4157.99,10.53,24.59,89.61,199.95,471.10,990.18,1489.75,826.92,55.46,4158.09,-0.1
USA,1993,2,long,4,105,10756.59,18.73,95.31,309.03,585.20,1182.14,2412.26,3954.37,2073.05,126.23,10756.32,0.27
USA,1993,2,long,4,106,3321.43,17.77,56.52,63.04,158.72,392.51,879.60,1173.69,547.64,31.62,3321.11,0.32
USA,1993,2,long,4,107,1596.46,3.27,18.19,24.76,51.68,166.60,354.55,671.91,287.44,17.84,1596.24,0.22
USA,1993,2,long,4,108,104757.94,66.44,403.19,1505.81,4370.52,13205.11,29052.93,38761.77,16279.54,1103.12,104748.43,9.51
USA,1993,2,long,4,109,1854.41,4.31,17.4,42.53,93.24,229.92,467.37,645.62,329.28,24.78,1854.45,-0.04
USA,1993,2,long,4,110,171154.47,85.64,400.78,1605.26,4638.87,14749.41,36955.98,66478.28,42428.26,3846.58,171189.06,-34.59
USA,1993,2,long,4,111,6855.24,269.67,303.85,411.81,573.22,1097.48,1901.90,1699.91,572.59,23.87,6854.3,0.94
USA,1993,2,long,4,112,72578.57,784.94,828.53,1412.97,2571.19,6673.52,15495.12,26961.75,16444.70,1415.95,72588.67,-10.10
USA,1993,3,long,4,0,2268552.98,108906.78,79956.95,110998.56,168921.64,358714.73,587353.76,602043.2,236097.85,15559.51,2268552.98,0.00
USA,1993,3,long,4,1,1519361.76,105669.37,72797.96,88986.15,121502.91,246848.97,385681.66,361710.24,128524.58,7598.67,1519320.51,41.25
USA,1993,3,long,4,102,54.17,2.3,2.05,4.93,5.62,9.71,15.76,10.67,3.02,0.11,54.17,0
USA,1993,3,long,4,103,4790.6,46.96,108.93,226.77,396.67,902.23,1527.56,1281.10,289.20,10.46,4789.88,0.72
USA,1993,3,long,4,104,6879.43,22.32,67.96,247.20,517.39,1041.92,1800.13,2118.12,1002.40,62.06,6879.5,-0.07
USA,1993,3,long,4,105,18529.81,58.46,340.38,930.10,1665.82,2829.80,4405.95,5650.45,2504.96,143.5,18529.42,0.39
USA,1993,3,long,4,106,5866.76,38.64,125.41,169.66,347.00,791.11,1619.67,1975.54,756.14,43.23,5866.40,0.36
USA,1993,3,long,4,107,2712.34,18.46,44.05,69.88,130.61,331.07,663.03,1039.84,392.02,23.2,2712.16,0.18
USA,1993,3,long,4,108,225047.79,229.02,1620.06,7258.48,17044.52,40117.37,67170.26,67660.76,22602.07,1332.9,225035.44,12.35
USA,1993,3,long,4,109,3930.43,15.79,67.76,197.41,353.61,693.19,1022.13,1105.58,444.63,30.38,3930.48,-0.05
USA,1993,3,long,4,110,335451.84,289.44,1795.53,7727.35,18288.83,45775.21,87317.76,112942.90,56781.85,4575.19,335494.06,-42.22
USA,1993,3,long,4,111,12222.25,471.07,535.87,804.92,1144.15,2298.74,3486.04,2675.81,773.73,30.88,12221.21,1.04
USA,1993,3,long,4,112,133705.8,2044.95,2450.99,4375.71,7524.51,17075.41,32643.81,43872.19,22023.25,1708.93,133719.75,-13.95
USA,1994,1,long,4,0,1162746.93,70792.55,58113.42,76950.13,105971.33,207560.60,315729.47,258091.13,66795.11,2743.19,1162746.93,0
USA,1994,1,long,4,1,799676.11,68867.58,53045.58,60358.73,72053.53,138121.62,205943.46,161152.45,38698.22,1423.84,799665.01,11.1
USA,1994,1,long,4,102,28.64,3.23,1.46,0.85,1.55,7.78,7.67,4.73,1.36,0.02,28.65,-0.01
USA,1994,1,long,4,103,1412.38,21.03,45.12,96.66,141.86,307.77,447.18,302.51,49.74,0.42,1412.29,0.09
USA,1994,1,long,4,104,2829.18,11.12,35.76,176.15,318.04,601.71,823.42,659.93,198.51,4.51,2829.15,0.03
USA,1994,1,long,4,105,7999.16,50.57,281.83,737.34,1099.82,1604.91,2003.39,1750.82,454.04,16.41,7999.13,0.03
USA,1994,1,long,4,106,2699.06,18.77,69.31,125.53,205.25,376.52,798.72,863.20,238.05,3.62,2698.97,0.09
USA,1994,1,long,4,107,1154.36,9.64,31.49,57.70,82.32,173.93,324.00,353.11,118.76,3.46,1154.41,-0.05
USA,1994,1,long,4,108,116869.81,152.47,1264.03,5672.79,12683.15,25258.26,36890.84,28326.21,6365.15,253.84,116866.74,3.07
USA,1994,1,long,4,109,1982.7,9.74,43.94,143.77,245.25,436.90,533.37,434.22,129.07,6.51,1982.77,-0.07
USA,1994,1,long,4,110,162427.7,179.42,1426.82,6133.89,13699.40,29732.33,49696.46,46220.23,14648.54,700.21,162437.30,-9.6
USA,1994,1,long,4,111,5255.68,196.29,242.26,400.34,594.35,1124.9,1495.95,997.34,192.23,11.91,5255.57,0.11
USA,1994,1,long,4,112,60412.15,1272.69,1625.82,3046.38,4846.81,9813.97,16765.01,17026.38,5701.44,318.44,60416.94,-4.79
USA,1994,2,long,4,0,1116246.93,34923.95,23600.32,39319.10,65352.62,142142.22,269979.72,353145.37,174823.54,12960.09,1116246.93,0
USA,1994,2,long,4,1,740166.07,33569.88,21353.90,33497.22,51962.51,105393.02,183154.46,210978.98,93942.78,6273.6,740126.35,39.72
USA,1994,2,long,4,102,35.6,0.66,0.54,3.71,2.42,5.03,11.22,8.62,3.30,0.1,35.6,0
USA,1994,2,long,4,103,3109.74,36.69,48.28,136.34,220.54,529.52,1006.55,901.3,223.61,6.19,3109.02,0.72
USA,1994,2,long,4,104,4292.35,5.08,25.03,65.84,175.92,450.73,1033.40,1550.18,915.77,70.83,4292.78,-0.43
USA,1994,2,long,4,105,11278.28,19.5,128.41,348.50,616.18,1138.23,2380.69,4258.63,2232.80,155.08,11278.02,0.26
USA,1994,2,long,4,106,3399.42,28.37,44.91,69.05,134.79,364.21,939.33,1274.61,511.19,32.49,3398.95,0.47
USA,1994,2,long,4,107,1607.22,7.3,14.52,21.22,56.19,169.64,340.65,659.58,311.52,26.55,1607.17,0.05
USA,1994,2,long,4,108,103168.41,93.77,398.02,1578.08,4447.81,12605.33,28097.42,38446.83,16414.27,1075.39,103156.92,11.49
USA,1994,2,long,4,109,1797.49,3.45,13.46,44.14,97.35,188.92,407.43,637.68,377.21,28.09,1797.73,-0.24
USA,1994,2,long,4,110,168389.57,81.68,426.81,1669.42,4630.74,13920.15,35910.19,65564.07,42394.15,3833.16,168430.37,-40.8
USA,1994,2,long,4,111,6675.67,289.14,281.05,442.21,548.38,1063.31,1785.24,1656.81,581.60,27.02,6674.76,0.91
USA,1994,2,long,4,112,72327.11,788.43,865.39,1443.37,2459.79,6314.13,14913.14,27208.08,16915.34,1431.59,72339.26,-12.15
USA,1994,3,long,4,0,2278993.86,105716.50,81713.74,116269.23,171323.95,349702.82,585709.19,611236.50,241618.65,15703.28,2278993.86,0
USA,1994,3,long,4,1,1539842.19,102437.44,74399.51,93855.97,124016.06,243514.61,389097.89,372131.43,132641.03,7697.47,1539791.41,50.78
USA,1994,3,long,4,102,64.23,3.88,1.99,4.56,3.97,12.81,18.88,13.34,4.66,0.12,64.21,0.02
USA,1994,3,long,4,103,4522.12,57.71,93.40,232.99,362.4,837.28,1453.72,1203.82,273.35,6.61,4521.28,0.84
USA,1994,3,long,4,104,7121.52,16.22,60.79,242.00,493.97,1052.44,1856.83,2210.11,1114.27,75.34,7121.97,-0.45
USA,1994,3,long,4,105,19277.44,70.07,410.23,1085.84,1716.0,2743.14,4384.09,6009.44,2686.84,171.49,19277.14,0.3
USA,1994,3,long,4,106,6098.48,47.13,114.22,194.57,340.04,740.73,1738.05,2137.82,749.24,36.11,6097.91,0.57
USA,1994,3,long,4,107,2761.59,16.95,46.01,78.91,138.51,343.58,664.65,1012.70,430.28,30,2761.59,0
USA,1994,3,long,4,108,220038.22,246.23,1662.05,7250.87,17130.95,37863.59,64988.27,66773.04,22779.42,1329.22,220023.64,14.58
USA,1994,3,long,4,109,3780.19,13.19,57.40,187.91,342.60,625.83,940.81,1071.9,506.28,34.59,3780.51,-0.32
USA,1994,3,long,4,110,330817.27,261.11,1853.62,7803.31,18330.14,43652.49,85606.65,111784.29,57042.69,4533.37,330867.67,-50.4
USA,1994,3,long,4,111,11931.35,485.44,523.30,842.55,1142.72,2188.22,3281.19,2654.16,773.82,38.93,11930.33,1.02
USA,1994,3,long,4,112,132739.26,2061.13,2491.22,4489.75,7306.59,16128.10,31678.16,44234.45,22616.77,1750.03,132756.2,-16.94
USA,1995,1,long,4,0,1172958.92,67862.98,57609.27,80421.31,107196.42,202888.79,319033.57,265646.82,69475.00,2824.76,1172958.92,0
USA,1995,1,long,4,1,807710.06,65961.57,52438.74,62999.34,73138.95,135348.12,209196.72,166504.35,40589.36,1523.76,807700.91,9.15
USA,1995,1,long,4,102,25.34,1.18,1.05,1.77,4.14,5.91,6.49,3.91,0.86,0.03,25.34,0
USA,1995,1,long,4,103,1292.14,18.05,46.53,83.02,138.14,233.18,396.91,321.00,52.95,2.28,1292.06,0.08
USA,1995,1,long,4,104,2969.77,10.91,39.57,187.96,318.57,581.90,862.36,755.17,205.66,7.6,2969.7,0.07
USA,1995,1,long,4,105,8466.58,39.12,251.62,810.43,1164.97,1754.30,2054.81,1848.36,525.53,17.44,8466.58,0
USA,1995,1,long,4,106,2791.51,27.09,68.41,133.45,193.99,396.16,828.06,876.77,257.36,10.26,2791.55,-0.04
USA,1995,1,long,4,107,1123.88,11,26.63,46.96,71.19,162.41,314.33,374.16,113.63,3.55,1123.86,0.02
USA,1995,1,long,4,108,114705.66,145.32,1213.93,5828.32,12512.23,23989.75,35950.05,28365.74,6447.16,250.62,114703.12,2.54
USA,1995,1,long,4,109,1907.34,6.41,43.17,122.55,277.87,410.58,513.12,417.12,108.45,8.12,1907.39,-0.05
USA,1995,1,long,4,110,164164.22,195.23,1490.55,6389.85,13957.82,29095.65,50298.73,47207.85,14855.59,680.42,164171.69,-7.47
USA,1995,1,long,4,111,5522.81,239.14,267.58,493.64,561.90,1064.98,1611.57,1079.99,198.66,5.08,5522.54,0.27
USA,1995,1,long,4,112,62279.61,1207.96,1721.49,3324.02,4856.65,9845.85,17000.42,17892.40,6119.79,315.6,62284.18,-4.57
USA,1995,2,long,4,0,1139173.02,33750.45,23964.47,41012.22,66852.35,140374.92,273141.56,363023.01,183234.61,13819.43,1139173.02,0
USA,1995,2,long,4,1,758566.23,32466.73,21763.69,35079.15,53370.82,103884.81,186783.97,219523.20,98869.22,6787.41,758529,37.23
USA,1995,2,long,4,102,38.69,0.05,0.49,5.65,1.50,4.97,14.24,8.42,3.23,0.13,38.68,0.01
USA,1995,2,long,4,103,3016.02,18.82,52.91,126.41,210.57,488.46,974.16,891.42,242.85,9.83,3015.43,0.59
USA,1995,2,long,4,104,4667.21,3.75,18.61,102.30,190.89,493.72,1042.11,1700.77,1031.85,83.75,4667.75,-0.54
USA,1995,2,long,4,105,11686.16,16.21,118.67,342.50,594.38,1217.40,2444.63,4317.45,2475.81,158.91,11685.96,0.2
USA,1995,2,long,4,106,3520.8,15.27,46.63,84.23,158.07,390.07,925.8,1339.64,529.56,30.94,3520.21,0.59
USA,1995,2,long,4,107,1666.13,4.25,17.19,34.96,58.85,156.86,374.34,674.28,323.76,21.52,1666.01,0.12
USA,1995,2,long,4,108,101418.87,88.07,393.05,1496.20,4247.28,12211.02,27251.25,37777.30,16794.06,1151.47,101409.7,9.17
USA,1995,2,long,4,109,1723.68,5.73,12.22,34.80,82.21,195.00,385.91,605.27,375.58,27.17,1723.89,-0.21
USA,1995,2,long,4,110,171134.84,74.39,458.46,1775.97,4731.94,13951.24,36148.11,66056.91,44030.60,3943.73,171171.35,-36.51
USA,1995,2,long,4,111,6932.81,283.86,283.85,477.24,608.12,1097.36,1767.53,1788.52,592.28,33.13,6931.89,0.92
USA,1995,2,long,4,112,74801.58,773.32,798.70,1452.81,2597.72,6284.01,15029.51,28339.83,17965.81,1571.44,74813.15,-11.57
USA,1995,3,long,4,0,2312131.94,101613.43,81573.74,121433.53,174048.77,343263.71,592175.13,628669.83,252709.61,16644.19,2312131.94,0
USA,1995,3,long,4,1,1566276.27,98428.34,74202.44,98078.48,126509.76,239232.94,395980.68,386027.53,139458.55,8311.16,1566229.88,46.39
USA,1995,3,long,4,102,64.03,1.23,1.54,7.43,5.64,10.88,20.73,12.34,4.08,0.16,64.03,0
USA,1995,3,long,4,103,4308.16,36.85,99.44,209.43,348.71,721.63,1371.07,1212.42,295.81,12.11,4307.47,0.69
USA,1995,3,long,4,104,7636.98,14.66,58.18,290.26,509.45,1075.62,1904.46,2455.94,1237.52,91.35,7637.44,-0.46
USA,1995,3,long,4,105,20152.74,55.33,370.28,1152.93,1759.35,2971.70,4499.44,6165.82,3001.34,176.35,20152.54,0.2
USA,1995,3,long,4,106,6312.31,42.36,115.04,217.68,352.07,786.23,1753.86,2216.41,786.92,41.2,6311.77,0.54
USA,1995,3,long,4,107,2790.01,15.24,43.82,81.92,130.03,319.26,688.67,1048.44,437.39,25.07,2789.84,0.17
USA,1995,3,long,4,108,216124.53,233.39,1606.98,7324.52,16759.51,36200.77,63201.31,66143.04,23241.22,1402.09,216112.83,11.7
USA,1995,3,long,4,109,3631.03,12.13,55.39,157.36,360.09,605.58,899.04,1022.39,484.04,35.29,3631.31,-0.28
USA,1995,3,long,4,110,335299.06,269.62,1949.01,8165.82,18689.76,43046.89,86446.83,113264.77,58886.2,4624.15,335343.05,-43.99
USA,1995,3,long,4,111,12455.63,523.01,551.43,970.88,1170.02,2162.34,3379.10,2868.51,790.94,38.22,12454.45,1.18
USA,1995,3,long,4,112,137081.19,1981.27,2520.19,4776.82,7454.38,16129.87,32029.94,46232.22,24085.60,1887.04,137097.33,-16.14
USA,1996,1,long,4,0,1163569,63495.77,50053.58,78577.44,106822.23,198906.89,320003.56,271243.87,71575.26,2890.4,1163569,0
USA,1996,1,long,4,1,800681.91,61655.46,45132.5,61231.86,73123.54,133242.4,211511.98,171224.31,41986.2,1562.34,800670.59,11.32
USA,1996,1,long,4,102,18.01,0.05,0.39,3.52,1.77,2.91,5.46,3.29,0.59,0.02,18,0.01
USA,1996,1,long,4,103,1243.83,22.98,34.01,80.31,122.46,241.26,399.26,290.38,52.82,0.23,1243.71,0.12
USA,1996,1,long,4,104,3068.61,9.04,27.1,168.74,347.59,570.03,893.79,814.96,229.34,7.93,3068.52,0.09
USA,1996,1,long,4,105,8856.88,53.04,270.02,781.33,1304.76,1713.11,2172.87,1959.31,580.78,21.69,8856.91,-0.03
USA,1996,1,long,4,106,2838.31,20.57,70.05,131.41,209.46,397.32,852.73,875.36,267.15,14.35,2838.4,-0.09
USA,1996,1,long,4,107,1140.98,9.24,34.98,60.53,80.70,165.64,289.12,372.88,121.54,6.44,1141.07,-0.09
USA,1996,1,long,4,108,111543.08,128.94,1174.02,5692.45,12111.52,22925.32,34805.81,28020.89,6462.64,217.45,111539.04,4.04
USA,1996,1,long,4,109,1975.34,10.16,46.81,147.10,266.75,418.84,550.09,406.61,124.77,4.23,1975.36,-0.02
USA,1996,1,long,4,110,163887.53,196.84,1511.00,6553.31,13775.17,28504.20,49890.56,47693.46,15061.36,711.02,163896.92,-9.39
USA,1996,1,long,4,111,5309.67,215.08,201.58,412.21,564.43,1022.98,1608.27,1062.56,216.28,6.07,5309.46,0.21
USA,1996,1,long,4,112,63004.85,1174.37,1551.12,3314.67,4914.08,9702.88,17023.62,18519.86,6471.79,338.63,63011.02,-6.17
USA,1996,2,long,4,0,1151120.95,32522.84,22861.68,42021.96,67233.95,138206.32,275206.05,369528.1,189052.85,14487.2,1151120.95,0
USA,1996,2,long,4,1,771588.41,31282.57,20698.08,35717.24,53493.65,103230.91,189779.8,225932.48,104186.62,7224.77,771546.12,42.29
USA,1996,2,long,4,102,28.96,1.12,0.49,0.97,2.92,4.9,7.16,7.46,3.80,0.13,28.95,0.01
USA,1996,2,long,4,103,2943.97,28.50,50.94,134.47,210.1,462.46,888.46,925.91,233.01,9.34,2943.19,0.78
USA,1996,2,long,4,104,4891.82,10.42,22.36,113.05,205.37,463.50,1077.29,1824.03,1061.43,115.38,4892.83,-1.01
USA,1996,2,long,4,105,12250.28,19.79,113.76,385.30,645.13,1152.41,2506.70,4545.89,2686.87,194.95,12250.8,-0.52
USA,1996,2,long,4,106,3642.65,19.69,38.95,85.36,144.46,381.13,971.90,1383.20,582.83,34.51,3642.03,0.62
USA,1996,2,long,4,107,1704.38,6.18,9.51,33.18,60.53,155.98,383.41,676.34,354.80,24.32,1704.25,0.13
USA,1996,2,long,4,108,100024.04,73.53,409.31,1601.27,4274.34,11481.89,26559.85,37763.82,16621.59,1228.87,100014.47,9.57
USA,1996,2,long,4,109,1763.6,5.54,13.77,45.00,95.69,194.31,401.58,620.93,361.37,25.34,1763.53,0.07
USA,1996,2,long,4,110,168542.69,75.56,417.81,1898.75,4791.60,13506.39,35701.06,64861.22,43357.88,3972.31,168582.58,-39.89
USA,1996,2,long,4,111,7307.95,260.27,267.58,504.98,675.98,1058.98,1901.46,1943.27,661.57,32.72,7306.81,1.14
USA,1996,2,long,4,112,76432.2,739.67,819.12,1502.39,2634.18,6113.46,15027.38,29043.55,18941.08,1624.56,76445.39,-13.19
USA,1996,3,long,4,0,2314689.95,96018.61,72915.26,120599.40,174056.18,337113.21,595209.61,640771.97,260628.11,17377.6,2314689.95,0.00
USA,1996,3,long,4,1,1572270.32,92938,65830.57,96949.08,126617.17,236473.31,401291.74,397156.77,146172.84,8787.11,1572216.59,53.73
USA,1996,3,long,4,102,46.96,1.17,0.88,4.49,4.70,7.81,12.63,10.76,4.38,0.16,46.98,-0.02
USA,1996,3,long,4,103,4187.79,51.50,84.95,214.77,332.57,703.71,1287.72,1216.29,285.84,9.57,4186.92,0.87
USA,1996,3,long,4,104,7960.44,19.46,49.46,281.79,552.96,1033.53,1971.08,2638.99,1290.78,123.31,7961.36,-0.92
USA,1996,3,long,4,105,21107.16,72.84,383.78,1166.64,1949.89,2865.53,4679.58,6505.21,3267.65,216.64,21107.76,-0.6
USA,1996,3,long,4,106,6480.96,40.27,109.00,216.77,353.92,778.44,1824.63,2258.56,849.99,48.86,6480.44,0.52
USA,1996,3,long,4,107,2845.36,15.43,44.50,93.70,141.23,321.61,672.53,1049.22,476.33,30.75,2845.3,0.06
USA,1996,3,long,4,108,211567.12,202.47,1583.32,7293.72,16385.86,34407.21,61365.66,65784.72,23084.22,1446.32,211553.50,13.62
USA,1996,3,long,4,109,3738.94,15.70,60.60,192.10,362.44,613.15,951.67,1027.54,486.14,29.57,3738.91,0.03
USA,1996,3,long,4,110,332430.22,272.39,1928.81,8452.07,18566.77,42010.61,85591.62,112554.67,58419.24,4683.33,332479.51,-49.29
USA,1996,3,long,4,111,12617.63,475.34,469.16,917.19,1240.41,2081.95,3509.74,3005.83,877.84,38.79,12616.25,1.38
USA,1996,3,long,4,112,139437.05,1914.04,2370.23,4817.08,7548.26,15816.35,32051.01,47563.41,25412.86,1963.19,139456.43,-19.38
USA,1997,1,long,4,0,1154039.05,60778.99,43039.29,74527.59,108348.43,193527.83,319967.29,276667.36,74287.51,2894.76,1154039.05,0
USA,1997,1,long,4,1,794356.7,58882.87,38243.6,57189.68,73929.85,130685.45,213499.88,176256.99,44124.85,1531.15,794344.32,12.38
USA,1997,1,long,4,102,16.55,0.66,0.4,0.89,2.12,2.86,4.48,3.86,1.28,0.02,16.57,-0.02
USA,1997,1,long,4,103,1296.14,24.45,38.27,81.52,147.12,213.07,405.76,325.37,58.26,2.21,1296.03,0.11
USA,1997,1,long,4,104,3259.88,7.98,41.33,185.50,344.00,597.37,953.26,854.41,257.04,19.25,3260.14,-0.26
USA,1997,1,long,4,105,9063.73,40.37,304.68,865.18,1347.24,1736.36,2159.46,1953.91,627.76,29.17,9064.13,-0.4
USA,1997,1,long,4,106,2935.9,22.5,57.96,151.65,206.65,384.06,846.69,956.97,296.84,12.69,2936.01,-0.11
USA,1997,1,long,4,107,1191.12,11.18,35.87,58.05,84.93,160.25,331.07,382.13,125.37,2.23,1191.08,0.04
USA,1997,1,long,4,108,108050.97,147.06,1081.37,5425.98,12094.45,21562.01,33407.62,27429.20,6658.95,241.85,108048.49,2.48
USA,1997,1,long,4,109,2005.27,7.59,40.68,146.74,294.81,418.95,549.94,411.99,129.06,5.52,2005.28,-0.01
USA,1997,1,long,4,110,162039.86,189.14,1411.55,6540.72,14145.44,27223.43,48905.41,47859.19,15059.72,714.08,162048.68,-8.82
USA,1997,1,long,4,111,5283.29,219.21,230.75,461.71,592.11,1018.98,1483.48,1043.55,224.38,8.92,5283.09,0.2
USA,1997,1,long,4,112,64539.64,1225.98,1552.83,3419.97,5159.71,9525.04,17420.24,19189.79,6724.00,327.67,64545.23,-5.59
USA,1997,2,long,4,0,1160206.01,31700.24,21422.47,41807.89,69601.86,135157.45,275437.24,374291.64,196222.21,14565.01,1160206.01,0
USA,1997,2,long,4,1,783296.21,30408.15,19265.15,35687.04,55682.48,101469.6,191501.4,232531.58,109329.83,7376.96,783252.19,44.02
USA,1997,2,long,4,102,23.71,1.02,0.39,1.14,2.88,2.88,6.45,5.80,3.00,0.12,23.68,0.03
USA,1997,2,long,4,103,2864.79,24.32,50.01,131.97,197.52,453.15,865.47,865.97,265.13,10.55,2864.09,0.7
USA,1997,2,long,4,104,5162.9,8.09,20.72,100.86,203.07,450.53,1088.56,1961.34,1232.09,98.32,5163.58,-0.68
USA,1997,2,long,4,105,12383.77,22.43,118.05,385.08,675.93,1125.01,2561.99,4518.79,2788.69,187.98,12383.95,-0.18
USA,1997,2,long,4,106,3721.85,21.72,40.37,76.48,159.18,369.86,1017.69,1367.01,625.80,43.37,3721.48,0.37
USA,1997,2,long,4,107,1616.58,3.64,13.97,26.82,51.08,133.55,343.88,668.88,354.88,19.71,1616.41,0.17
USA,1997,2,long,4,108,96359.62,83.57,368.68,1498.40,4280.11,10724.71,25231.75,35964.82,17048.94,1150.96,96351.94,7.68
USA,1997,2,long,4,109,1780.12,4.1,12.46,38.09,99.40,208.52,402.17,614.90,374.58,25.87,1780.09,0.03
USA,1997,2,long,4,110,166263.46,73.77,422.43,1770.23,4817.11,12960.16,34891.46,63864.64,43580.28,3922.32,166302.4,-38.94
USA,1997,2,long,4,111,7205.63,268.14,283.8,483.08,654.41,1025.28,1875.89,1934.44,652.41,26.8,7204.25,1.38
USA,1997,2,long,4,112,79527.37,781.29,826.44,1608.70,2778.69,6234.20,15650.53,29993.47,19966.58,1702.05,79541.95,-14.58
USA,1997,3,long,4,0,2314245.06,92479.23,64461.76,116335.48,177950.29,328685.28,595404.53,650959.00,270509.72,17459.77,2314245.06,0.00
USA,1997,3,long,4,1,1577652.88,89290.98,57508.75,92876.71,129612.33,232155.03,405001.3,408788.56,153454.68,8908.10,1577596.44,56.44
USA,1997,3,long,4,102,40.27,1.68,0.78,2.03,5.01,5.74,10.92,9.67,4.28,0.15,40.26,0.01
USA,1997,3,long,4,103,4160.93,48.79,88.28,213.50,344.63,666.22,1271.23,1191.35,323.38,12.76,4160.14,0.79
USA,1997,3,long,4,104,8422.79,16.08,62.05,286.35,547.06,1047.90,2041.82,2815.75,1489.13,117.57,8423.71,-0.92
USA,1997,3,long,4,105,21447.51,62.79,422.73,1250.26,2023.16,2861.38,4721.44,6472.70,3416.44,217.15,21448.05,-0.54
USA,1997,3,long,4,106,6657.75,44.23,98.34,228.13,365.83,753.92,1864.37,2323.98,922.65,56.06,6657.51,0.24
USA,1997,3,long,4,107,2807.7,14.83,49.83,84.88,136.02,293.80,674.94,1051.01,480.25,21.94,2807.5,0.2
USA,1997,3,long,4,108,204410.59,230.62,1450.06,6924.38,16374.57,32286.72,58639.38,63394.01,23707.89,1392.81,204400.44,10.15
USA,1997,3,long,4,109,3785.39,11.70,53.14,184.83,394.21,627.48,952.12,1026.89,503.65,31.39,3785.41,-0.02
USA,1997,3,long,4,110,328303.32,262.9,1833.99,8310.95,18962.56,40183.59,83796.87,111723.83,58639.99,4636.4,328351.08,-47.76
USA,1997,3,long,4,111,12488.92,487.36,514.55,944.79,1246.52,2044.26,3359.38,2977.99,876.79,35.72,12487.36,1.56
USA,1997,3,long,4,112,144067.01,2007.27,2379.26,5028.67,7938.39,15759.24,33070.76,49183.26,26690.59,2029.72,144087.16,-20.15
USA,1998,1,long,4,0,1157260,59033.42,40361.24,74841.81,110943.86,189482.72,320649.22,282573.62,76534.30,2839.81,1157260,0
USA,1998,1,long,4,1,799876.16,57162.62,35643.14,57609.52,76549.43,128944.02,215834.02,180789.64,45789.65,1544.74,799866.78,9.38
USA,1998,1,long,4,102,15.11,0,0.24,0.97,2.57,2.35,3.91,3.91,1.16,0.02,15.13,-0.02
USA,1998,1,long,4,103,1198.72,16.08,32.79,85.47,128.10,233.08,362.37,277.11,62.81,0.89,1198.7,0.02
USA,1998,1,long,4,104,3277.43,7.65,46.45,188.97,344.88,574.80,901.65,895.72,305.95,11.5,3277.57,-0.14
USA,1998,1,long,4,105,9490.46,58.12,296.87,924.75,1443.03,1828.20,2242.97,2033.92,632.83,29.98,9490.67,-0.21
USA,1998,1,long,4,106,3030.65,23.3,61.18,140.43,265.45,410.54,879.32,954.34,284.32,11.72,3030.6,0.05
USA,1998,1,long,4,107,1160.86,8.69,23.96,67.92,92.24,180.72,300.90,358.52,123.10,4.88,1160.93,-0.07
USA,1998,1,long,4,108,105921.61,153.41,1034.8,5309.83,11964.46,20439.31,32347.42,27557.52,6866.80,246.67,105920.22,1.39
USA,1998,1,long,4,109,1880.02,10.74,40.69,136.63,258.33,382.71,504.75,410.76,126.19,9.34,1880.14,-0.12
USA,1998,1,long,4,110,160565.73,175.81,1435.42,6335.88,14145.46,26075.02,48369.71,48250.95,15156.75,626.45,160571.45,-5.72
USA,1998,1,long,4,111,5418.77,184.36,238.02,453.35,612.14,966.62,1537.21,1174.35,241.62,10.89,5418.56,0.21
USA,1998,1,long,4,112,65424.48,1232.64,1507.68,3588.09,5137.77,9445.35,17364.99,19866.88,6943.12,342.73,65429.25,-4.77
USA,1998,2,long,4,0,1179995.95,31211.28,21236.58,42231.09,70811.22,133429.84,278118.51,384228.31,203824.03,14905.09,1179995.95,0
USA,1998,2,long,4,1,801568.74,29938.28,19036.37,35895.04,56857.19,100521.07,195232.67,241290.56,115100.29,7648.08,801519.55,49.19
USA,1998,2,long,4,102,23.32,0.1,0.29,1.17,2.64,4.26,6.59,5.78,2.33,0.16,23.32,0
USA,1998,2,long,4,103,2806.98,19.93,40.08,120.66,216.19,427.31,834.90,880.38,253.55,13.25,2806.25,0.73
USA,1998,2,long,4,104,5598.91,8.12,20.66,102.18,205.38,473.80,1188.45,2145.49,1325.62,130.33,5600.03,-1.12
USA,1998,2,long,4,105,12847.88,25.21,127.84,409.80,712.17,1235.87,2514.33,4631.20,2972.44,220.44,12849.3,-1.42
USA,1998,2,long,4,106,3959.68,19.40,40.04,86.23,158.67,419.57,1005.35,1490.43,696.75,42.68,3959.12,0.56
USA,1998,2,long,4,107,1674.16,5.53,20.44,30.50,52.17,137.03,358.96,703.93,341.71,23.73,1674,0.16
USA,1998,2,long,4,108,95935.21,64.88,350.62,1508.33,4105.21,10138.43,24654.49,36212.09,17776.91,1114.6,95925.56,9.65
USA,1998,2,long,4,109,1731.84,2.76,14.57,37.54,89.09,179.27,382.53,611.42,385.21,29.64,1732.03,-0.19
USA,1998,2,long,4,110,164434.81,71.28,452.80,1836.47,4780.31,12749.09,34074.50,63358.95,43261.89,3892.58,164477.87,-43.06
USA,1998,2,long,4,111,7664.09,292.61,294.96,503.53,695.04,1106.42,1977.61,2007.33,741.61,43.87,7662.98,1.11
USA,1998,2,long,4,112,81750.33,763.18,837.91,1699.64,2937.16,6037.72,15888.13,30890.75,20965.72,1745.73,81765.94,-15.61
USA,1998,3,long,4,0,2337255.95,90244.70,61597.82,117072.90,181755.08,322912.56,598767.73,666801.93,280358.33,17744.9,2337255.95,0.00
USA,1998,3,long,4,1,1601444.91,87100.91,54679.51,93504.59,133406.66,229465.11,411066.7,422080.17,160889.93,9192.86,1601386.44,58.47
USA,1998,3,long,4,102,38.43,0.1,0.54,2.14,5.20,6.59,10.51,9.69,3.48,0.17,38.42,0.01
USA,1998,3,long,4,103,4005.7,36.01,72.86,206.13,344.27,660.39,1197.27,1157.50,316.36,14.14,4004.93,0.77
USA,1998,3,long,4,104,8876.33,15.77,67.11,291.15,550.27,1048.60,2090.09,3041.21,1631.57,141.83,8877.6,-1.27
USA,1998,3,long,4,105,22338.34,83.33,424.71,1334.56,2155.19,3064.08,4757.30,6665.12,3605.27,250.42,22339.98,-1.64
USA,1998,3,long,4,106,6990.32,42.71,101.23,226.65,424.11,830.10,1884.66,2444.78,981.09,54.4,6989.73,0.59
USA,1998,3,long,4,107,2835.02,14.22,44.4,98.41,144.41,317.75,659.87,1062.46,464.80,28.6,2834.92,0.1
USA,1998,3,long,4,108,201856.82,218.28,1385.41,6818.16,16069.67,30577.74,57001.9,63769.61,24643.71,1361.27,201845.75,11.07
USA,1998,3,long,4,109,3611.87,13.5,55.26,174.16,347.42,561.98,887.28,1022.18,511.41,38.98,3612.17,-0.3
USA,1998,3,long,4,110,325000.54,247.09,1888.21,8172.34,18925.77,38824.11,82444.20,111609.91,58418.64,4519.02,325049.29,-48.75
USA,1998,3,long,4,111,13082.86,476.98,532.99,956.88,1307.18,2073.04,3514.82,3181.68,983.23,54.75,13081.55,1.31
USA,1998,3,long,4,112,147174.81,1995.80,2345.59,5287.73,8074.93,15483.07,33253.13,50757.62,27908.84,2088.46,147195.17,-20.36
USA,1999,1,long,4,0,1175460.06,58082.4,39429.10,76759.72,115818.23,186853.57,322331.80,292724.00,80624.59,2836.65,1175460.06,0
USA,1999,1,long,4,1,814345.79,56201.37,34578.82,59360.19,80325.44,128026.75,218045.45,188114.62,48091.91,1586.87,814331.42,14.37
USA,1999,1,long,4,102,14.13,1.02,0,1.02,5.06,1.01,4.02,2.01,0,0,14.14,-0.01
USA,1999,1,long,4,103,1037.18,19.44,31.82,70.40,110.16,176.21,345.01,249.62,34.43,0,1037.09,0.09
USA,1999,1,long,4,104,3486.05,9.21,41.05,168.28,359.79,608.21,940.41,985.51,366.63,7.22,3486.31,-0.26
USA,1999,1,long,4,105,9408.25,67.4,348.96,1034.58,1488.95,1629.56,2155.64,1992.39,667.43,23.72,9408.63,-0.38
USA,1999,1,long,4,106,3057.24,16.37,65.68,160.18,248.71,403.76,848.87,976.45,324.00,13.4,3057.42,-0.18
USA,1999,1,long,4,107,1402.52,7.14,37.98,94.89,117.23,180.25,346.97,446.96,166.09,5.16,1402.67,-0.15
USA,1999,1,long,4,108,105023.62,124.60,969.65,5124.18,11817.46,19665.28,31728.65,28204.24,7177.95,208.28,105020.29,3.33
USA,1999,1,long,4,109,1869.14,8.2,22.56,122.41,281.95,376.62,504.92,432.87,117.45,2.06,1869.04,0.1
USA,1999,1,long,4,110,162557.63,168.53,1440.78,6602.44,14821.98,25563.62,48283.43,49318.35,15711.14,656.9,162567.17,-9.54
USA,1999,1,long,4,111,5424.02,253.85,237.19,452.16,644.12,971.12,1500.26,1078.48,277.50,9.28,5423.96,0.06
USA,1999,1,long,4,112,67834.49,1205.27,1654.61,3568.99,5597.38,9251.18,17628.17,20922.5,7690.06,323.76,67841.92,-7.43
USA,1999,2,long,4,0,1215939,31080.99,20752.29,43835.78,73938.67,133990.49,282019.84,398540.24,216704.74,15075.96,1215939,0
USA,1999,2,long,4,1,827910.48,29794.22,18482.41,37250.07,59414.31,101509.13,199249.94,251859.85,122650.42,7636.76,827847.11,63.37
USA,1999,2,long,4,102,16.19,1.02,1.03,1.02,2.02,0,5.03,5.05,1.01,0,16.18,0.01
USA,1999,2,long,4,103,2642.55,16.46,46.22,108.86,218.94,386.40,782.74,806.88,267.03,8.28,2641.81,0.74
USA,1999,2,long,4,104,6528.07,7.21,25.68,102.70,246.21,499.10,1256.62,2447.33,1775.97,169.66,6530.48,-2.41
USA,1999,2,long,4,105,13528.36,18.52,171.52,500.43,835.43,1219.59,2508.20,4718.10,3290.70,268.97,13531.46,-3.1
USA,1999,2,long,4,106,4059.54,12.37,30.81,115.98,163.45,427.65,1031.24,1510.98,731.41,35.17,4059.06,0.48
USA,1999,2,long,4,107,1957.11,6.15,22.59,59.02,76.66,169.05,413.51,762.60,415.48,32.07,1957.13,-0.02
USA,1999,2,long,4,108,96215.8,66.85,331.73,1540.87,4063.74,10150.43,23761.21,36669.96,18435.64,1186.63,96207.06,8.74
USA,1999,2,long,4,109,1901.14,4.12,7.19,38.65,109.99,210.31,392.38,682.95,422.62,33.1,1901.31,-0.17
USA,1999,2,long,4,110,166942.34,74.1,467.20,1748.33,5098.84,12376.88,34297.48,64174.86,44912.30,3841.14,166991.13,-48.79
USA,1999,2,long,4,111,7960.87,323.06,327.69,583.05,761.83,1035.44,1997.10,2132.24,763.79,35.17,7959.37,1.50
USA,1999,2,long,4,112,86276.55,756.91,838.22,1786.80,2947.25,6006.51,16324.39,32769.44,23038.37,1829.01,86296.9,-20.35
USA,1999,3,long,4,0,2391399.06,89163.39,60181.39,120595.50,189756.90,320844.06,604351.64,691264.24,297329.33,17912.61,2391399.06,0
USA,1999,3,long,4,1,1642256.27,85995.58,53061.23,96610.27,139739.79,229535.88,417295.36,439974.45,170742.35,9223.62,1642178.53,77.74
USA,1999,3,long,4,102,30.32,2.04,1.03,2.04,7.07,1.01,9.05,7.06,1.01,0,30.31,0.01
USA,1999,3,long,4,103,3679.73,35.9,78.05,179.25,329.10,562.60,1127.75,1056.51,301.47,8.28,3678.91,0.82
USA,1999,3,long,4,104,10014.12,16.42,66.73,270.98,605.99,1107.31,2197.04,3432.85,2142.60,176.87,10016.79,-2.67
USA,1999,3,long,4,105,22936.61,85.92,520.47,1535.01,2324.38,2849.15,4663.84,6710.49,3958.12,292.69,22940.07,-3.46
USA,1999,3,long,4,106,7116.78,28.75,96.50,276.17,412.15,831.41,1880.13,2487.43,1055.41,48.58,7116.53,0.25
USA,1999,3,long,4,107,3359.63,13.3,60.56,153.92,193.89,349.30,760.48,1209.56,581.56,37.22,3359.79,-0.16
USA,1999,3,long,4,108,201239.42,191.45,1301.38,6665.05,15881.19,29815.72,55489.86,64874.20,25613.59,1394.9,201227.34,12.08
USA,1999,3,long,4,109,3770.28,12.33,29.75,161.06,391.94,586.93,897.30,1115.82,540.07,35.17,3770.37,-0.09
USA,1999,3,long,4,110,329499.97,242.63,1907.99,8350.76,19920.82,37940.50,82580.91,113493.21,60623.43,4498.04,329558.29,-58.32
USA,1999,3,long,4,111,13384.88,576.90,564.87,1035.21,1405.95,2006.56,3497.36,3210.72,1041.29,44.46,13383.32,1.56
USA,1999,3,long,4,112,154111.05,1962.17,2492.83,5355.78,8544.63,15257.69,33952.56,53691.94,30728.43,2152.78,154138.81,-27.76
USA,2000,1,long,4,0,1177577.96,58653.29,38532.38,79187.31,119741.87,182887.85,316862.23,295828.10,83009.24,2875.69,1177577.96,0
USA,2000,1,long,4,1,822254.32,56764.49,34049.76,61362.32,83753,126715.05,216239.17,191846.82,49946.42,1562.21,822239.24,15.08
USA,2000,1,long,4,102,16.19,1.02,1.04,1.03,1.01,5.05,6.04,1.01,0,0,16.2,-0.01
USA,2000,1,long,4,103,1068.54,22.7,35.32,86.49,127.82,188.61,311.98,240.83,53.71,1.04,1068.5,0.04
USA,2000,1,long,4,104,3669.29,11.35,37.40,225.33,421.10,563.81,992.29,1030.90,362.74,24.88,3669.8,-0.51
USA,2000,1,long,4,105,10000.98,70.29,317.93,1089.50,1624.16,1819.91,2211.46,2110.57,735.78,21.77,10001.37,-0.39
USA,2000,1,long,4,106,3297.98,9.31,54.01,164.88,271.98,414.53,872.55,1131.66,370.72,8.29,3297.93,0.05
USA,2000,1,long,4,107,1176.03,11.37,23.90,82.40,102.46,126.07,285.81,388.99,147.94,7.26,1176.2,-0.17
USA,2000,1,long,4,108,101316.08,124.15,883.81,5195.70,11601.91,18483.09,30133.59,27310.55,7334.96,246.71,101314.47,1.61
USA,2000,1,long,4,109,1900.22,13.43,37.41,127.71,316.74,394.58,474.26,412.35,117.62,6.22,1900.32,-0.1
USA,2000,1,long,4,110,159949.32,167.57,1351.41,6742.02,15172.83,24361.14,46673.37,49193.74,15669.74,625.15,159956.97,-7.65
USA,2000,1,long,4,111,5274.39,236.56,237.94,467.43,674.95,939.00,1420.00,1062.07,229.93,6.22,5274.1,0.29
USA,2000,1,long,4,112,67654.62,1221.05,1502.45,3642.50,5673.91,8877.01,17241.71,21098.61,8039.68,365.94,67662.86,-8.24
USA,2000,2,long,4,0,1225773.05,30794.72,20389.11,45322.47,76562.18,133011.28,280388.35,402804.02,220939.08,15561.84,1225773.05,0
USA,2000,2,long,4,1,844184.13,29542.35,18195.94,38718.61,61902.37,101639.16,200612.62,258893.08,126530.1,8074.61,844108.84,75.29
USA,2000,2,long,4,102,21.33,1.03,1.04,4.10,2.03,4.03,2.01,7.07,0,0,21.31,0.02
USA,2000,2,long,4,103,2516.25,15.59,37.30,125.14,189.1,370.62,780.46,751.06,235.80,10.42,2515.49,0.76
USA,2000,2,long,4,104,6745.05,12.46,18.64,114.86,241.71,489.46,1289.0,2499.21,1899.63,183.39,6748.36,-3.31
USA,2000,2,long,4,105,14057.47,37.48,166.78,566.09,810.10,1197.59,2549.99,4905.91,3551.32,276.15,14061.41,-3.94
USA,2000,2,long,4,106,4564.58,12.46,49.74,106.63,203.28,484.42,1071.49,1785.11,814.93,35.43,4563.49,1.09
USA,2000,2,long,4,107,1641.37,7.28,16.58,50.28,81.91,129.92,362.54,600.76,374.40,17.71,1641.38,-0.01
USA,2000,2,long,4,108,93624.99,69.68,331.33,1444.37,4288.69,9624.39,22839.25,35312.3,18529.40,1176.47,93615.88,9.11
USA,2000,2,long,4,109,1906.72,3.11,10.36,32.83,111.25,214.53,410.87,649.26,438.41,36.47,1907.09,-0.37
USA,2000,2,long,4,110,162040.73,51.99,428.72,1804.45,4978.47,11718.56,32558.56,62690.03,44037.77,3826.52,162095.07,-54.34
USA,2000,2,long,4,111,7945.81,285.94,319.23,604.28,787.00,1169.29,1884.17,2124.21,727.23,42.72,7944.07,1.74
USA,2000,2,long,4,112,86524.62,755.35,813.45,1750.83,2966.27,5969.31,16027.39,32586.02,23800.09,1881.95,86550.66,-26.04
USA,2000,3,long,4,0,2403351.01,89448.01,58921.49,124509.78,196304.05,315899.13,597250.58,698632.12,303948.32,18437.53,2403351.01,0
USA,2000,3,long,4,1,1666438.44,86306.8,52245.73,100080.97,145655.38,228354.25,416851.80,450739.88,176476.53,9636.83,1666348.17,90.27
USA,2000,3,long,4,102,37.52,2.05,2.08,5.12,3.04,9.07,8.05,8.08,0,0,37.49,0.03
USA,2000,3,long,4,103,3584.79,38.3,72.61,211.63,316.92,559.23,1092.44,991.88,289.49,11.46,3583.96,0.83
USA,2000,3,long,4,104,10414.34,23.81,56.04,340.19,662.82,1053.27,2281.29,3530.12,2262.37,208.27,10418.18,-3.84
USA,2000,3,long,4,105,24058.44,107.78,484.70,1655.58,2434.26,3017.49,4761.44,7016.48,4287.09,297.92,24062.74,-4.3
USA,2000,3,long,4,106,7862.57,21.77,103.75,271.51,475.26,898.95,1944.03,2916.77,1185.66,43.72,7861.42,1.15
USA,2000,3,long,4,107,2817.41,18.65,40.48,132.68,184.38,255.99,648.34,989.76,522.34,24.97,2817.59,-0.18
USA,2000,3,long,4,108,194941.07,193.83,1215.15,6640.07,15890.59,28107.48,52972.84,62622.84,25864.36,1423.18,194930.34,10.73
USA,2000,3,long,4,109,3806.94,16.55,47.77,160.53,427.99,609.11,885.13,1061.62,556.04,42.69,3807.43,-0.49
USA,2000,3,long,4,110,321990.05,219.56,1780.12,8546.46,20151.28,36079.70,79231.94,111883.78,59707.51,4451.67,322052.02,-61.97
USA,2000,3,long,4,111,13220.2,522.5,557.16,1071.71,1461.95,2108.28,3304.18,3186.29,957.16,48.94,13218.17,2.03
USA,2000,3,long,4,112,154179.24,1976.41,2315.90,5393.33,8640.18,14846.31,33269.10,53684.62,31839.77,2247.88,154213.5,-34.26
USA,2001,1,long,4,0,1183420.95,59534.45,39487.95,81028.70,124120.67,181317.76,310858.16,299932.24,84269.24,2871.78,1183420.95,0
USA,2001,1,long,4,1,833528.97,57611.55,34782.14,63339.17,87912.12,126891.91,214435.83,195911.24,51004.55,1621.85,833510.36,18.61
USA,2001,1,long,4,102,23.32,1.02,1.04,3.08,3.04,2.02,4.02,7.05,2.03,0,23.3,0.02
USA,2001,1,long,4,103,1019.42,16.56,29.06,81.34,112.58,167.27,304.83,248.87,58.77,0,1019.28,0.14
USA,2001,1,long,4,104,3885.38,11.38,47.75,192.40,432.34,628.90,1006.04,1105.34,445.22,16.62,3885.99,-0.61
USA,2001,1,long,4,105,10585.69,58.97,377.16,1258.03,1839.24,1791.67,2258.53,2201.43,773.50,28.07,10586.6,-0.91
USA,2001,1,long,4,106,3443.96,25.8,53.98,204.88,261.97,412.15,881.29,1223.25,368.05,12.47,3443.84,0.12
USA,2001,1,long,4,107,1182.46,9.3,34.26,91.66,115.71,160.24,271.64,357.70,138.95,3.12,1182.58,-0.12
USA,2001,1,long,4,108,96835.74,137.52,991.53,4979.69,11450.78,17167.82,27837.21,26586.46,7456.17,227.53,96834.71,1.03
USA,2001,1,long,4,109,1898.95,12.39,26.99,143.03,305.59,390.08,461.78,434.26,117.64,7.27,1899.03,-0.08
USA,2001,1,long,4,110,157773.38,225.38,1355.08,6576.97,15252.99,24164.88,44935.91,49086.92,15573.09,610.97,157782.19,-8.81
USA,2001,1,long,4,111,5367.59,229.62,200.35,494.23,665.81,958.49,1400.43,1151.63,263.58,3.12,5367.26,0.33
USA,2001,1,long,4,112,67876.09,1194.96,1588.61,3664.22,5768.50,8582.33,17060.65,21618.09,8067.69,340.76,67885.81,-9.72
USA,2001,2,long,4,0,1233003.96,30720.22,20891.52,47461.46,79835.82,131590.08,275652.65,408195.78,223032.78,15623.65,1233003.96,0
USA,2001,2,long,4,1,855418.84,29444.02,18639.76,40547.8,64569.89,101318.30,199361.61,264348.70,129083.92,8020.3,855334.3,84.54
USA,2001,2,long,4,102,42.56,1.03,2.08,2.06,0,7.05,10.07,17.17,3.05,0,42.51,0.05
USA,2001,2,long,4,103,2443.57,13.5,38.42,111.02,181.29,327.31,724.17,793.33,243.23,10.43,2442.7,0.87
USA,2001,2,long,4,104,7320.12,5.2,24.92,120.2,257.17,518.66,1313.45,2790.47,2095.89,198.21,7324.17,-4.05
USA,2001,2,long,4,105,14421.06,34.3,176.57,583.86,996.84,1178.48,2556.68,4922.48,3660.40,317.18,14426.79,-5.73
USA,2001,2,long,4,106,4821.31,16.61,52.98,115.08,241.04,454.21,1131.11,1903.90,864.22,40.69,4819.84,1.47
USA,2001,2,long,4,107,1677.3,9.34,25.97,34.96,77.95,149.05,354.55,630.94,372.70,21.91,1677.37,-0.07
USA,2001,2,long,4,108,89907.92,62.42,352.09,1551.60,4192.81,8845.73,20939.00,34673.22,18097.91,1184.1,89898.88,9.04
USA,2001,2,long,4,109,1876.55,3.12,18.70,52.41,123.52,190.34,385.76,640.05,432.78,30.25,1876.93,-0.38
USA,2001,2,long,4,110,159349.23,73.86,421.67,1905.21,5069.61,11522.96,31313.91,61737.66,43520.13,3846.59,159411.60,-62.37
USA,2001,2,long,4,111,8131.27,279.20,333.41,605.47,905.38,1118.89,1937.84,2143.99,773.55,31.3,8129.03,2.24
USA,2001,2,long,4,112,87594.23,777.62,804.95,1831.79,3220.32,5959.10,15624.50,33593.87,23885.00,1922.69,87619.84,-25.61
USA,2001,3,long,4,0,2416424.91,90254.67,60379.47,128490.16,203956.49,312907.84,586510.81,708128.02,307302.02,18495.43,2416424.91,0.00
USA,2001,3,long,4,1,1688947.83,87055.54,53421.87,103886.96,152482.03,228210.25,413797.43,460259.89,180088.48,9642.15,1688844.6,103.23
USA,2001,3,long,4,102,65.88,2.05,3.12,5.15,3.04,9.06,14.10,24.22,5.08,0,65.82,0.06
USA,2001,3,long,4,103,3462.99,30.06,67.50,192.37,293.87,494.58,1029.00,1042.20,302.00,10.43,3462.01,0.98
USA,2001,3,long,4,104,11205.5,16.58,72.68,312.59,689.50,1147.55,2319.50,3895.82,2541.12,214.83,11210.17,-4.67
USA,2001,3,long,4,105,25006.75,93.27,553.74,1841.89,2836.08,2970.14,4815.20,7123.92,4433.91,345.26,25013.41,-6.66
USA,2001,3,long,4,106,8265.27,42.41,106.95,319.97,503.01,866.36,2012.42,3127.17,1232.27,53.15,8263.71,1.56
USA,2001,3,long,4,107,2859.75,18.65,60.21,126.62,193.65,309.29,626.17,988.64,511.64,25.02,2859.89,-0.14
USA,2001,3,long,4,108,186743.66,199.94,1343.62,6531.30,15643.59,26013.55,48776.20,61259.68,25554.07,1411.63,186733.58,10.08
USA,2001,3,long,4,109,3775.49,15.51,45.69,195.44,429.11,580.43,847.54,1074.31,550.42,37.53,3775.98,-0.49
USA,2001,3,long,4,110,317122.61,299.23,1776.75,8482.17,20322.60,35687.83,76249.83,110824.58,59093.22,4457.56,317193.77,-71.16
USA,2001,3,long,4,111,13498.87,508.84,533.76,1099.69,1571.19,2077.38,3338.27,3295.62,1037.12,34.41,13496.28,2.59
USA,2001,3,long,4,112,155470.31,1972.59,2393.58,5496.01,8988.82,14541.42,32685.15,55211.97,31952.69,2263.46,155505.69,-35.38
USA,2002,1,long,4,0,1199263.94,60105.14,38420.03,82692.42,129878.54,182168.83,306119.97,308596.55,88351.27,2931.19,1199263.94,0
USA,2002,1,long,4,1,847430.43,58116.07,33713.52,64351.04,92273.26,128042.75,212775.6,202764.25,53725.04,1651,847412.53,17.9
USA,2002,1,long,4,102,18.25,0,2.06,4.09,2.02,0,4.03,4.03,2.04,0,18.27,-0.02
USA,2002,1,long,4,103,1070.32,20.57,29.91,63.34,127.44,168.13,335.99,262.0,61.82,1.04,1070.24,0.08
USA,2002,1,long,4,104,4002.09,15.44,38.15,222.64,430.88,601.00,1002.93,1206.32,467.66,17.61,4002.63,-0.54
USA,2002,1,long,4,105,11790.04,93.57,453.89,1434.77,2227.56,2112.97,2315.49,2272.30,835.10,45.58,11791.23,-1.19
USA,2002,1,long,4,106,3716.93,21.6,65.98,167.55,297.38,420.78,967.73,1297.06,467.56,11.39,3717.03,-0.1
USA,2002,1,long,4,107,1217.05,12.35,29.90,75.57,139.55,143.98,290.72,372.88,148.12,4.14,1217.21,-0.16
USA,2002,1,long,4,108,94675.94,122.36,908.31,4858.47,11344.78,17006.93,26524.00,26284.75,7404.04,220.6,94674.24,1.7
USA,2002,1,long,4,109,1910.17,6.17,21.66,136.82,331.85,382.55,443.62,443.42,137.99,6.21,1910.29,-0.12
USA,2002,1,long,4,110,158452.86,195.4,1358.93,7008.07,15957.50,23767.14,43171.84,50030.47,16349.46,623.56,158462.37,-9.51
USA,2002,1,long,4,111,5432.75,237.13,219.65,485.19,715.14,993.60,1366.08,1156.88,254.61,4.14,5432.42,0.33
USA,2002,1,long,4,112,69547.11,1264.48,1578.07,3884.87,6031.18,8529.00,16921.94,22502.19,8497.83,345.92,69555.48,-8.37
USA,2002,2,long,4,0,1244122.97,30959.84,20336.17,49192.88,81919.79,131373.71,271507.92,414408.33,228521.40,15902.93,1244122.97,0
USA,2002,2,long,4,1,871126.64,29771.56,18125.24,41975.44,66423.16,101701.49,197981.06,272418.93,134248.4,8388.4,871033.68,92.96
USA,2002,2,long,4,102,35.39,3.05,1.03,0,4.05,4.03,11.07,10.09,2.03,0,35.35,0.04
USA,2002,2,long,4,103,2491.72,16.48,32.96,89.76,200.11,346.03,706.58,802.37,285.05,11.56,2490.9,0.82
USA,2002,2,long,4,104,7786.89,8.28,24.69,123.41,258.78,523.07,1333.65,2958.00,2335.59,226.91,7792.38,-5.49
USA,2002,2,long,4,105,15072.23,22.76,183.25,686.54,1087.8,1376.09,2619.93,5014.46,3803.12,283.64,15077.59,-5.36
USA,2002,2,long,4,106,4977.47,20.66,51.47,109.16,248.61,438.58,1111.18,1951.36,993.71,51.47,4976.2,1.27
USA,2002,2,long,4,107,1710.04,4.12,16.47,51.06,86.91,152.89,322.09,650.12,397.09,29.41,1710.16,-0.12
USA,2002,2,long,4,108,86642.54,58.92,318.96,1608.73,4149.39,8562.36,19688.57,33088.87,17996.67,1162.92,86635.39,7.15
USA,2002,2,long,4,109,1909.9,6.18,12.35,55.08,136.50,193.14,398.57,637.01,441.98,29.41,1910.22,-0.32
USA,2002,2,long,4,110,155882.16,57.89,425.96,2020.56,5174.20,11083.66,29821.08,60714.77,42896.29,3752.63,155947.04,-64.88
USA,2002,2,long,4,111,8449.53,274.42,301.74,603.28,901.71,1176.05,2082.66,2278.33,789.97,38.87,8447.03,2.50
USA,2002,2,long,4,112,88038.46,715.52,842.05,1869.86,3248.57,5816.32,15431.48,33884.02,24331.50,1927.71,88067.03,-28.57
USA,2002,3,long,4,0,2443386.91,91064.98,58756.20,131885.30,211798.33,313542.54,577627.89,723004.88,316872.67,18834.12,2443386.91,0.00
USA,2002,3,long,4,1,1718557.05,87887.59,51838.72,106326.49,158696.39,229744.23,410756.64,475183.16,187973.42,10039.37,1718446.01,111.04
USA,2002,3,long,4,102,53.64,3.05,3.09,4.09,6.07,4.03,15.10,14.13,4.07,0,53.63,0.01
USA,2002,3,long,4,103,3562.04,37.06,62.87,153.09,327.54,514.17,1042.57,1064.38,346.87,12.59,3561.14,0.9
USA,2002,3,long,4,104,11788.98,23.72,62.84,346.05,689.66,1124.08,2336.58,4164.33,2803.24,244.52,11795.02,-6.04
USA,2002,3,long,4,105,26862.27,116.32,637.14,2121.31,3315.36,3489.06,4935.42,7286.76,4638.22,329.22,26868.81,-6.54
USA,2002,3,long,4,106,8694.4,42.26,117.45,276.71,545.99,859.35,2078.91,3248.41,1461.28,62.87,8693.23,1.17
USA,2002,3,long,4,107,2927.1,16.47,46.39,126.62,226.46,296.87,612.81,1023.00,545.22,33.56,2927.4,-0.3
USA,2002,3,long,4,108,181318.49,181.3,1227.28,6467.21,15494.17,25569.29,46212.57,59373.62,25400.71,1383.53,181309.68,8.81
USA,2002,3,long,4,109,3820.07,12.36,34.02,191.91,468.36,575.69,842.20,1080.43,579.96,35.63,3820.56,-0.49
USA,2002,3,long,4,110,314335.02,253.29,1784.89,9028.62,21131.71,34850.79,72992.93,110745.24,59245.76,4376.18,314409.41,-74.39
USA,2002,3,long,4,111,13882.28,511.56,521.38,1088.47,1616.86,2169.65,3448.74,3435.21,1044.59,43.02,13879.48,2.80
USA,2002,3,long,4,112,157585.57,1980.00,2420.13,5754.73,9279.76,14345.33,32353.42,56386.21,32829.33,2273.63,157622.54,-36.97
USA,2003,1,long,4,0,1201964,60603.57,37310.35,83853.76,133756.94,184622.31,298534.80,310215.44,90066.16,3000.67,1201964.00,0
USA,2003,1,long,4,1,854349.05,58633.32,32615.61,65391.89,95797.66,130792.56,209419.78,205069.14,54912.27,1697.56,854329.79,19.26
USA,2003,1,long,4,102,19.24,3.08,0,2.04,3.03,4.03,4.03,3.03,0,0,19.24,0
USA,2003,1,long,4,103,1145.01,17.47,25.80,63.39,99.09,186.25,333.04,344.66,73.04,2.08,1144.82,0.19
USA,2003,1,long,4,104,4377.19,8.27,45.40,208.52,525.95,726.90,1037.38,1242.56,552.23,31.22,4378.43,-1.24
USA,2003,1,long,4,105,12678.72,108.14,442.61,1588.71,2444.98,2242.21,2464.16,2463.05,888.22,37.47,12679.55,-0.83
USA,2003,1,long,4,106,3915.09,17.48,79.43,208.55,335.8,489.29,997.10,1299.08,476.07,12.49,3915.29,-0.2
USA,2003,1,long,4,107,1340.05,9.28,36.11,101.20,154.74,149.01,289.77,418.26,175.64,6.24,1340.25,-0.2
USA,2003,1,long,4,108,90348.74,137,917.30,4873.04,11367.76,16227.52,24232.99,25085.81,7280.21,225.85,90347.48,1.26
USA,2003,1,long,4,109,1758.47,11.36,26.84,137.08,271.24,330.42,433.92,403.34,134.01,10.41,1758.62,-0.15
USA,2003,1,long,4,110,156521.99,194.88,1373.42,6960.99,15833.29,23689.44,41387.42,50044.31,16441.88,604.75,156530.38,-8.39
USA,2003,1,long,4,111,5691.85,201.94,231.10,509.20,764.73,968.54,1497.21,1232.42,280.12,6.24,5691.5,0.35
USA,2003,1,long,4,112,69818.6,1261.35,1516.73,3809.15,6158.67,8816.14,16438.00,22609.78,8852.47,366.36,69828.65,-10.05
USA,2003,2,long,4,0,1246324.03,31173.81,19805.14,49745.85,84217.80,133429.59,265425.11,414527.13,231661.19,16338.41,1246324.03,0
USA,2003,2,long,4,1,878879.1,29888.54,17608.41,42186.44,68745.9,104158.55,195245.90,274986.96,137250.76,8705.11,878776.57,102.53
USA,2003,2,long,4,102,22.23,0,1.03,1.02,1.01,3.02,11.08,5.06,0,0,22.22,0.01
USA,2003,2,long,4,103,2477.22,10.36,29.87,102.15,167.73,320.94,659.25,845.85,318.28,22.09,2476.52,0.7
USA,2003,2,long,4,104,8692.3,6.22,35.02,127.75,317.24,540.28,1496.69,3279.13,2616.14,280.84,8699.31,-7.01
USA,2003,2,long,4,105,16019.97,40.37,200.93,806.18,1231.80,1472.98,2666.22,5207.74,4083.36,317.65,16027.23,-7.26
USA,2003,2,long,4,106,5213.24,23.81,43.27,115.48,252.55,500.02,1194.73,1989.01,1025.06,68.37,5212.3,0.94
USA,2003,2,long,4,107,1805.31,5.18,20.62,47.02,98.02,137.84,347.24,669.13,459.07,21.04,1805.16,0.15
USA,2003,2,long,4,108,82044.42,74.6,309.01,1571.42,3896.04,8037.84,18114.23,31339.17,17498.58,1199.1,82039.99,4.43
USA,2003,2,long,4,109,1726.79,4.16,12.36,55.17,113.15,170.03,328.12,608.48,413.31,22.09,1726.87,-0.08
USA,2003,2,long,4,110,152904.94,85.95,414.08,2127.17,5200.49,11055.39,28513.51,59389.76,42539.99,3643.68,152970.02,-65.08
USA,2003,2,long,4,111,8468.57,268.38,334.95,627.65,858.84,1157.05,1950.56,2383.87,835.21,49.44,8465.95,2.62
USA,2003,2,long,4,112,88069.94,766.24,795.59,1978.40,3335.03,5875.65,14897.58,33822.97,24621.43,2009,88101.89,-31.95
USA,2003,3,long,4,0,2448288.03,91777.38,57115.49,133599.61,217974.74,318051.90,563959.91,724742.57,321727.35,19339.08,2448288.03,0.00
USA,2003,3,long,4,1,1733228.15,88521.92,50224.03,107578.31,164543.55,234951.10,404665.69,480056.16,192163.06,10402.66,1733106.48,121.67
USA,2003,3,long,4,102,41.47,3.08,1.03,3.06,4.05,7.05,15.09,8.08,0,0,41.44,0.03
USA,2003,3,long,4,103,3622.23,27.82,55.66,165.54,266.82,507.19,992.30,1190.52,391.32,24.17,3621.34,0.89
USA,2003,3,long,4,104,13069.49,14.48,80.42,336.27,843.19,1267.18,2534.07,4521.68,3168.37,312.06,13077.72,-8.23
USA,2003,3,long,4,105,28698.69,148.51,643.54,2394.89,3676.78,3715.21,5130.38,7670.79,4971.56,355.12,28706.78,-8.09
USA,2003,3,long,4,106,9128.33,41.27,122.70,324.03,588.36,989.31,2191.82,3288.08,1501.13,80.86,9127.56,0.77
USA,2003,3,long,4,107,3145.36,14.46,56.73,148.22,252.75,286.85,637.02,1087.39,634.71,27.28,3145.41,-0.05
USA,2003,3,long,4,108,172393.16,211.62,1226.32,6444.46,15263.81,24265.35,42347.22,56424.98,24778.79,1424.95,172387.50,5.66
USA,2003,3,long,4,109,3485.26,15.51,39.20,192.27,384.39,500.45,762.04,1011.82,547.32,32.5,3485.5,-0.24
USA,2003,3,long,4,110,309426.93,280.83,1787.50,9088.16,21033.78,34744.83,69900.94,109434.06,58981.87,4248.43,309500.4,-73.47
USA,2003,3,long,4,111,14160.42,470.30,566.05,1136.85,1623.56,2125.59,3447.77,3616.28,1115.33,55.68,14157.41,3.01
USA,2003,3,long,4,112,157888.54,2027.58,2312.31,5787.55,9493.70,14691.79,31335.57,56432.73,33473.89,2375.37,157930.49,-41.95
USA,2004,1,long,4,0,1181667.98,60524.89,35293.12,81720.81,136083.33,183128.17,284810.57,307090.70,90017.22,2999.17,1181667.98,0.00
USA,2004,1,long,4,1,847697.76,58568.62,30854.77,63670.24,98661.47,131026.26,202485.07,205488.04,55236.98,1684.96,847676.41,21.35
USA,2004,1,long,4,102,13.13,0,0,2.04,1.01,4.02,2.01,3.02,1.01,0,13.11,0.02
USA,2004,1,long,4,103,1005.35,15.41,19.46,62.16,103.07,144.94,284.68,305.46,69.08,1.04,1005.30,0.05
USA,2004,1,long,4,104,4735.35,9.24,44.05,234.34,526.61,748.12,1098.70,1453.51,592.49,29.25,4736.31,-0.96
USA,2004,1,long,4,105,13066.54,105.5,459.05,1638.03,2575.22,2383.49,2384.50,2479.36,992.70,50.15,13068,-1.46
USA,2004,1,long,4,106,4218.3,28.69,83.02,196.74,355.84,540.82,999.37,1476.01,522.43,15.68,4218.6,-0.3
USA,2004,1,long,4,107,1314.36,11.27,36.87,101.93,119.25,185.24,266.57,411.44,171.61,10.45,1314.63,-0.27
USA,2004,1,long,4,108,83665.08,133.34,860.53,4589.19,10861.83,15354.64,21756.75,23081.49,6784.00,243.4,83665.17,-0.09
USA,2004,1,long,4,109,1413.49,8.17,18.46,104.07,239.63,261.92,306.01,353.19,114.86,7.32,1413.63,-0.14
USA,2004,1,long,4,110,150602.66,186.49,1255.04,6863.31,15724.24,22898.36,38451.79,48347.62,16268.30,617.42,150612.57,-9.91
USA,2004,1,long,4,111,5200.84,215.90,192.63,502.55,756.95,892.07,1249.57,1091.17,295.56,4.18,5200.58,0.26
USA,2004,1,long,4,112,68735.12,1242.26,1469.24,3756.21,6158.21,8688.29,15525.55,22600.39,8968.20,335.32,68743.67,-8.55
USA,2004,2,long,4,0,1215947.04,31250.88,18750.10,49639.91,84895.97,132437.73,253680.32,404622.11,225130.13,15539.89,1215947.04,0
USA,2004,2,long,4,1,866634.15,30059.9,16698.76,42298.53,69551.37,104495.17,188794.96,271623.22,134710.46,8295.48,866527.85,106.3
USA,2004,2,long,4,102,20.19,0,0,0,3.03,4.02,5.03,5.05,3.05,0,20.18,0.01
USA,2004,2,long,4,103,2250.79,15.45,26.66,87.50,163.53,280.74,608.19,766.33,287.69,13.72,2249.81,0.98
USA,2004,2,long,4,104,8887.46,7.22,18.47,149.46,332.09,534.37,1440.16,3303.34,2819.42,291.28,8895.81,-8.35
USA,2004,2,long,4,105,15866.81,44.3,158.97,827.95,1235.63,1381.61,2503.31,5330.30,4027.63,365.12,15874.82,-8.01
USA,2004,2,long,4,106,5510.96,18.54,53.34,132.21,273.51,508.15,1208.34,2100.13,1142.13,73.87,5510.22,0.74
USA,2004,2,long,4,107,1768.59,5.12,17.44,63.03,98.92,137.85,284.97,671.46,461.44,28.49,1768.72,-0.13
USA,2004,2,long,4,108,74835.91,58.77,290.24,1479.81,3798.16,7564.06,16026.14,28400.79,16113.90,1101.71,74833.58,2.33
USA,2004,2,long,4,109,1311.75,6.2,5.13,48.82,97.91,117.74,262.83,421.63,314.59,37.99,1312.84,-1.09
USA,2004,2,long,4,110,144499.57,76.29,416.31,2076.66,5269.60,10655.07,26324.70,56350.41,40004.98,3389.48,144563.5,-63.93
USA,2004,2,long,4,111,8076.04,257.76,306.71,583.87,758.19,1112.91,1879.90,2258.49,875.40,40.1,8073.33,2.71
USA,2004,2,long,4,112,86284.82,701.33,758.07,1892.07,3314.03,5646.04,14341.79,33390.96,24369.44,1902.65,86316.38,-31.56
USA,2004,3,long,4,0,2397615.02,91775.77,54043.22,131360.72,220979.3,315565.90,538490.89,711712.81,315147.35,18539.06,2397615.02,0
USA,2004,3,long,4,1,1714331.92,88628.51,47553.53,105968.73,168212.85,235521.43,391280.04,477111.26,189947.45,9980.45,1714204.25,127.67
USA,2004,3,long,4,102,33.32,0,0,2.04,4.04,8.05,7.04,8.07,4.07,0,33.31,0.01
USA,2004,3,long,4,103,3256.14,30.86,46.12,149.67,266.59,425.68,892.87,1071.79,356.77,14.76,3255.11,1.03
USA,2004,3,long,4,104,13622.81,16.45,62.53,383.81,858.70,1282.50,2538.86,4756.85,3411.91,320.54,13632.15,-9.34
USA,2004,3,long,4,105,28933.36,149.79,618.02,2465.99,3810.83,3765.10,4887.80,7809.66,5020.33,415.27,28942.79,-9.43
USA,2004,3,long,4,106,9729.25,47.24,136.36,328.94,629.35,1048.97,2207.70,3576.15,1664.55,89.54,9728.8,0.45
USA,2004,3,long,4,107,3082.95,16.39,54.32,164.96,218.17,323.10,551.54,1082.90,633.05,38.94,3083.37,-0.42
USA,2004,3,long,4,108,158500.99,192.1,1150.77,6069.01,14660.00,22918.69,37782.90,51482.29,22897.90,1345.11,158498.77,2.22
USA,2004,3,long,4,109,2725.23,14.38,23.58,152.89,337.54,379.66,568.84,774.81,429.44,45.31,2726.45,-1.22
USA,2004,3,long,4,110,295102.24,262.77,1671.34,8939.97,20993.84,33553.43,64776.51,104698.03,56273.28,4006.9,295176.07,-73.83
USA,2004,3,long,4,111,13276.87,473.69,499.34,1086.43,1515.14,2004.96,3129.46,3349.66,1170.96,44.28,13273.92,2.95
USA,2004,3,long,4,112,155019.94,1943.59,2227.31,5648.28,9472.25,14334.33,29867.33,55991.34,33337.64,2237.96,155060.03,-40.09
USA,2005,1,long,4,0,1207675.97,62396.06,35056.66,82593.32,143207.12,185889.02,283546.76,315983.03,96006.52,2997.48,1207675.97,0
USA,2005,1,long,4,1,872127.58,60317.38,30618.15,64689.11,104255.61,134337.8,203686.49,213511.39,59024.7,1658.37,872099,28.58
USA,2005,1,long,4,102,10.11,1.02,1.03,0,1.01,0,5.03,2.02,0,0,10.11,0
USA,2005,1,long,4,103,1044.21,16.45,19.52,61.21,120.39,159.04,267.61,305.41,94.46,0,1044.09,0.12
USA,2005,1,long,4,104,5132.83,8.23,44.17,243.77,571.69,826.44,1187.13,1545.34,665.91,42.01,5134.69,-1.86
USA,2005,1,long,4,105,13368.21,106.85,496.30,1663.18,2693.51,2333.98,2325.45,2627.68,1073.77,49.37,13370.09,-1.88
USA,2005,1,long,4,106,4417.33,20.52,58.56,246.87,400.72,549.59,1021.15,1565.59,536.53,17.85,4417.38,-0.05
USA,2005,1,long,4,107,1383.41,6.16,41.1,85.68,138.66,174.14,279.68,440.57,209.44,8.4,1383.83,-0.42
USA,2005,1,long,4,108,80834.21,167.45,756.11,4515.48,10834.00,14685.26,20561.05,22214.95,6909.30,190.1,80833.7,0.51
USA,2005,1,long,4,109,1921.68,9.26,21.57,131.57,347.11,373.47,443.65,434.43,153.46,7.35,1921.87,-0.19
USA,2005,1,long,4,110,151555.5,203.28,1260.60,6679.34,16506.68,22864.72,37108.58,48990.85,17338.78,614.44,151567.27,-11.77
USA,2005,1,long,4,111,5415.56,171.79,204.44,455.05,797.41,990.50,1300.79,1222.59,266.21,6.3,5415.08,0.48
USA,2005,1,long,4,112,70465.34,1367.67,1535.11,3822.06,6540.33,8594.08,15360.15,23122.21,9733.96,403.29,70478.86,-13.52
USA,2005,2,long,4,0,1240342.02,31228.32,18719.79,50177.11,88448.71,134221.12,250494.01,414263.38,236463.91,16325.67,1240342.02,0
USA,2005,2,long,4,1,890940.51,30096.48,16664.31,42886.92,72754.91,106141.22,188063.45,281881.45,143401.6,8941.66,890832,108.51
USA,2005,2,long,4,102,19.2,0,0,1.02,3.03,5.04,5.03,2.02,3.07,0,19.21,-0.01
USA,2005,2,long,4,103,2329.69,9.27,22.63,83.62,142.46,284.85,585.94,849.27,341.04,9.48,2328.56,1.13
USA,2005,2,long,4,104,9913.42,4.12,26.75,164.23,322.27,585.80,1489.12,3688.36,3342.40,299.14,9922.19,-8.77
USA,2005,2,long,4,105,16289.23,51.59,199.58,749.7,1222.81,1388.03,2384.08,5411.63,4508.40,383.41,16299.23,-10
USA,2005,2,long,4,106,5744.74,24.72,48.35,152.95,257.67,548.55,1227.28,2147.72,1274.73,62.15,5744.12,0.62
USA,2005,2,long,4,107,1827.52,5.16,18.52,41.85,90.96,139.90,340.30,686.62,477.12,27.39,1827.82,-0.3
USA,2005,2,long,4,108,71835.25,50.58,283.91,1483.71,3801.98,7372.80,14852.15,27224.16,15674.86,1090.18,71834.33,0.92
USA,2005,2,long,4,109,1915.94,4.13,10.29,65.24,131.39,174.14,361.41,691.65,442.42,35.81,1916.48,-0.54
USA,2005,2,long,4,110,142683.66,46.46,389.91,2011.01,5436.88,10653.75,25198.64,55163.41,40407.82,3438.26,142746.14,-62.48
USA,2005,2,long,4,111,8252.21,228.61,289.10,613.11,865.97,1166.58,1803.0,2374.94,874.96,32.65,8248.92,3.29
USA,2005,2,long,4,112,88590.65,707.2,766.44,1923.75,3418.38,5760.46,14183.61,34142.15,25715.49,2005.54,88623.02,-32.37
USA,2005,3,long,4,0,2448017.99,93624.38,53776.45,132770.43,231655.83,320110.14,534040.77,730246.41,332470.43,19323.15,2448017.99,0
USA,2005,3,long,4,1,1763068.08,90413.89,47282.46,107576.03,177010.53,240479.00,391749.93,495392.83,202426.32,10600.03,1762931.02,137.06
USA,2005,3,long,4,102,29.32,1.02,1.03,1.02,4.05,5.04,10.07,4.04,3.07,0,29.34,-0.02
USA,2005,3,long,4,103,3373.9,25.70,42.16,144.85,262.84,443.89,853.55,1154.68,435.50,9.48,3372.65,1.25
USA,2005,3,long,4,104,15046.25,12.35,70.92,408.00,893.96,1412.22,2676.26,5233.69,4008.31,341.15,15056.86,-10.61
USA,2005,3,long,4,105,29657.44,158.44,695.88,2412.88,3916.32,3722.02,4709.52,8039.32,5582.17,432.78,29669.33,-11.89
USA,2005,3,long,4,106,10162.07,45.23,106.91,399.82,658.39,1098.14,2248.43,3713.31,1811.27,80,10161.5,0.57
USA,2005,3,long,4,107,3210.93,11.31,59.61,127.54,229.62,314.04,619.98,1127.19,686.55,35.79,3211.63,-0.7
USA,2005,3,long,4,108,152669.46,218.04,1040.02,5999.18,14635.98,22058.07,35413.20,49439.11,22584.16,1280.28,152668.04,1.42
USA,2005,3,long,4,109,3837.62,13.4,31.86,196.81,478.5,547.61,805.06,1126.08,595.86,43.16,3838.34,-0.72
USA,2005,3,long,4,110,294239.16,249.72,1650.51,8690.35,21943.56,33518.48,62307.22,104154.26,57746.60,4052.7,294313.4,-74.24
USA,2005,3,long,4,111,13667.77,400.41,493.53,1068.15,1663.38,2157.08,3103.79,3597.53,1141.17,38.95,13663.99,3.78
USA,2005,3,long,4,112,159055.99,2074.87,2301.56,5745.80,9958.70,14354.55,29543.76,57264.37,35449.45,2408.83,159101.89,-45.9
USA,2006,1,long,4,0,1201941.96,63406.03,35142.99,81051.51,147546.99,186357.50,273699.94,314945.81,96697.25,3093.94,1201941.96,0
USA,2006,1,long,4,1,873663.76,61367.7,30697.66,63464.61,107979.19,135205.07,197964.13,214991.82,60224.15,1737.99,873632.32,31.44
USA,2006,1,long,4,102,8.08,0,0,1.01,2.02,2.01,1.01,1.01,1.02,0,8.08,0
USA,2006,1,long,4,103,1009.55,13.3,24.57,57.91,99.94,165.02,275.74,303.70,68.18,1.05,1009.41,0.14
USA,2006,1,long,4,104,5145.19,11.24,53.20,262.15,689.62,873.43,1104.97,1492.39,622.96,36.84,5146.8,-1.61
USA,2006,1,long,4,105,13819.03,124.61,480.65,1715.58,2850.92,2475.83,2336.08,2661.28,1127.91,48.43,13821.29,-2.26
USA,2006,1,long,4,106,4358.24,20.41,71.59,209.38,432.13,545.38,920.84,1591.34,549.31,17.9,4358.28,-0.04
USA,2006,1,long,4,107,1307.54,8.17,43.99,73.21,145.39,158.99,251.59,426.83,192.37,7.37,1307.91,-0.37
USA,2006,1,long,4,108,76794.83,150.35,800.67,4308.75,10782.66,14274.43,18877.15,21001.11,6396.75,203.17,76795.04,-0.21
USA,2006,1,long,4,109,2117.71,12.26,27.66,138.37,349.88,420.24,489.79,513.29,162.04,4.22,2117.75,-0.04
USA,2006,1,long,4,110,147717.06,202.36,1232.35,6643.99,16778.77,22573.37,35294.86,47260.44,17102.48,642.19,147730.81,-13.75
USA,2006,1,long,4,111,4839.89,172.75,185.13,424.88,746.18,843.22,1138.19,1063.46,259.36,6.32,4839.49,0.4
USA,2006,1,long,4,112,71161.08,1322.88,1525.52,3751.67,6690.29,8820.51,15045.59,23639.14,9990.72,388.46,71174.78,-13.7
USA,2006,2,long,4,0,1224321.99,31698.22,18421.74,49773.94,91290.59,133904.26,242263.51,406828.96,233942.67,16198.1,1224321.99,0
USA,2006,2,long,4,1,889110.35,30558.95,16478.81,42458.65,75225.95,106962.52,183837.33,280404.04,144228.37,8824.16,888978.78,131.57
USA,2006,2,long,4,102,17.21,2.04,1.02,1.02,1.01,3.02,3.03,5.05,1.03,0,17.22,-0.01
USA,2006,2,long,4,103,2259.42,11.28,18.41,71.05,148.30,284.70,579.15,835.74,291.83,18.01,2258.47,0.95
USA,2006,2,long,4,104,9064.7,5.13,35.79,146.09,385.47,627.75,1379.96,3303.85,2856.29,335.84,9076.17,-11.47
USA,2006,2,long,4,105,16349.52,38.02,173.85,767.39,1376.61,1426.58,2259.19,5387.06,4516.35,416.36,16361.41,-11.89
USA,2006,2,long,4,106,5583.46,15.44,41.92,151.25,325.90,518.09,1126.11,2106.13,1213.55,84.76,5583.15,0.31
USA,2006,2,long,4,107,1657.01,6.16,16.36,49.71,84.77,129.78,279.01,631.59,439.37,20.13,1656.88,0.13
USA,2006,2,long,4,108,66267.28,60.66,278.17,1461.19,3842.04,6822.90,13639.21,24707.65,14455.56,999.07,66266.45,0.83
USA,2006,2,long,4,109,2071,4.15,24.55,63.94,163.45,230.38,394.83,670.96,478.50,41.32,2072.08,-1.08
USA,2006,2,long,4,110,135477.19,47.31,336.47,2067.12,5320.43,10155.20,23271.86,52664.96,38354.19,3328.95,135546.49,-69.3
USA,2006,2,long,4,111,7694.46,204.12,271.99,541.04,876.93,1040.25,1635.70,2228.20,850.81,42.38,7691.42,3.04
USA,2006,2,long,4,112,88770.39,744.96,744.40,1995.49,3539.73,5703.09,13858.13,33883.73,26256.82,2087.12,88813.47,-43.08
USA,2006,3,long,4,0,2426263.95,95104.25,53564.73,130825.45,238837.58,320261.76,515963.45,721774.77,330639.92,19292.04,2426263.95,0
USA,2006,3,long,4,1,1762774.12,91926.66,47176.49,105923.27,183205.16,242167.59,381801.50,495395.83,204452.53,10562.18,1762611.21,162.91
USA,2006,3,long,4,102,25.28,2.04,1.02,2.03,3.03,5.04,4.03,6.06,2.05,0,25.3,-0.02
USA,2006,3,long,4,103,3268.97,24.58,42.97,128.95,248.23,449.71,854.89,1139.45,360.01,19.06,3267.85,1.12
USA,2006,3,long,4,104,14209.9,16.37,88.99,408.26,1075.08,1501.18,2484.93,4796.24,3479.24,372.68,14222.97,-13.07
USA,2006,3,long,4,105,30168.55,162.63,654.49,2482.97,4227.53,3902.40,4595.27,8048.34,5644.27,464.79,30182.69,-14.14
USA,2006,3,long,4,106,9941.71,35.84,113.51,360.62,758.03,1063.48,2046.94,3697.47,1762.86,102.65,9941.4,0.31
USA,2006,3,long,4,107,2964.54,14.34,60.36,122.92,230.16,288.76,530.59,1058.44,631.74,27.5,2964.81,-0.27
USA,2006,3,long,4,108,143062.11,211.02,1078.84,5769.94,14624.71,21097.32,32516.36,45708.76,20852.31,1202.24,143061.50,0.61
USA,2006,3,long,4,109,4188.71,16.41,52.21,202.30,513.33,650.62,884.62,1184.25,640.54,45.53,4189.81,-1.1
USA,2006,3,long,4,110,283194.25,249.65,1568.82,8711.11,22099.20,32728.58,58566.72,99925.4,55456.66,3971.14,283277.28,-83.03
USA,2006,3,long,4,111,12534.34,376.86,457.11,965.92,1623.10,1883.48,2773.88,3291.66,1110.17,48.69,12530.87,3.47
USA,2006,3,long,4,112,159931.47,2067.85,2269.92,5747.16,10230.02,14523.60,28903.72,57522.87,36247.54,2475.58,159988.26,-56.79
USA,2007,1,long,4,0,1203968.02,62953.86,34443.31,78272.76,148142.97,192550.46,267548.33,317293.52,99585.42,3177.39,1203968.02,0
USA,2007,1,long,4,1,881505.68,60880.91,30218.66,61312.43,109184.88,140855.23,195702.29,219175.22,62326.87,1816.26,881472.75,32.93
USA,2007,1,long,4,102,6.04,0,0,0,1.01,2.01,2.01,1.01,0,0,6.04,0
USA,2007,1,long,4,103,1030.26,14.29,20.38,47.70,100.97,152.01,254.73,342.25,97.77,0,1030.1,0.16
USA,2007,1,long,4,104,5300.03,15.29,52.96,251.81,691.67,894.99,1139.75,1516.57,713.12,25.05,5301.21,-1.18
USA,2007,1,long,4,105,14398.28,119.31,481.89,1734.28,2965.20,2678.49,2344.25,2766.76,1256.36,54.28,14400.82,-2.54
USA,2007,1,long,4,106,4206.06,13.26,62.14,195.94,382.73,544.61,932.33,1470.07,584.75,20.88,4206.71,-0.65
USA,2007,1,long,4,107,1339.13,11.2,36.67,85.27,155.50,188.26,248.70,415.00,189.54,9.39,1339.53,-0.4
USA,2007,1,long,4,108,72403.67,136.7,714.08,4060.29,10422.70,13954.75,17183.46,19509.78,6232.03,189.97,72403.76,-0.09
USA,2007,1,long,4,109,2263.41,8.17,32.59,160.40,426.09,512.42,489.32,485.58,137.47,11.48,2263.52,-0.11
USA,2007,1,long,4,110,143512.29,241.72,1190.86,6381.27,16335.51,22694.21,32970.93,46088.44,16984.92,637.79,143525.65,-13.36
USA,2007,1,long,4,111,4919.26,166.81,185.39,389.90,715.92,875.83,1139.74,1129.60,306.52,9.39,4919.10,0.16
USA,2007,1,long,4,112,73083.91,1346.20,1447.69,3653.47,6760.79,9197.65,15140.82,24393.24,10756.07,402.9,73098.83,-14.92
USA,2007,2,long,4,0,1219743.97,31970.13,18082.61,48211.71,91266.21,137122.83,235762.31,405643.31,235089.30,16595.56,1219743.97,0
USA,2007,2,long,4,1,893739.00,30718.7,16148.96,41325.85,75585.17,110326.13,180860.78,282719.3,146555.51,9367.67,893608.07,130.93
USA,2007,2,long,4,102,26.36,1.02,0,0,2.02,3.02,4.03,12.15,4.10,0,26.34,0.02
USA,2007,2,long,4,103,2179.23,16.41,17.36,81.17,138.29,256.63,497.91,844.43,308.73,17.02,2177.95,1.28
USA,2007,2,long,4,104,9324.94,7.16,19.41,137.99,380.66,631.07,1259.09,3525.5,3036.45,338.24,9335.57,-10.63
USA,2007,2,long,4,105,16797.92,45.06,192.04,793.45,1404.35,1466.33,2391.72,5468.89,4640.75,407.33,16809.92,-12
USA,2007,2,long,4,106,5459.51,19.45,57.2,111.59,310.94,494.13,1029.11,2146.54,1208.72,80.83,5458.51,1
USA,2007,2,long,4,107,1701.06,4.09,21.46,35.51,83.79,145.93,294.34,621.6,465.93,28.72,1701.37,-0.31
USA,2007,2,long,4,108,62183.19,71.8,263.52,1346.27,3655.32,6644.29,12472.51,23003.04,13695.32,1033.76,62185.83,-2.64
USA,2007,2,long,4,109,2058.68,3.08,13.27,71.01,145.37,235.50,392.10,682.38,480.39,36.16,2059.26,-0.58
USA,2007,2,long,4,110,129109.57,83.04,339.10,1900.06,5205.08,9840.87,21498.30,49959.62,37214.74,3136.45,129177.26,-67.69
USA,2007,2,long,4,111,7791.01,241.57,238.02,512.43,767.29,1092.94,1604.54,2341.60,953.95,35.1,7787.44,3.57
USA,2007,2,long,4,112,89373.5,758.75,772.27,1896.38,3587.93,5985.99,13457.88,34318.26,26524.71,2114.28,89416.45,-42.95
USA,2007,3,long,4,0,2423711.99,94923.99,52525.92,126484.47,239409.18,329673.29,503310.64,722936.83,334674.72,19772.95,2423711.99,0
USA,2007,3,long,4,1,1775244.67,91599.61,46367.62,102638.3,184770.03,251181.34,376563.04,501894.54,208882.38,11183.93,1775080.79,163.88
USA,2007,3,long,4,102,32.41,1.02,0,0,3.03,5.03,6.05,13.16,4.10,0,32.39,0.02
USA,2007,3,long,4,103,3209.49,30.7,37.74,128.88,239.26,408.65,752.64,1186.68,406.49,17.02,3208.06,1.43
USA,2007,3,long,4,104,14624.97,22.45,72.37,389.79,1072.32,1526.07,2398.84,5042.07,3749.58,363.29,14636.78,-11.81
USA,2007,3,long,4,105,31196.2,164.37,673.93,2527.74,4369.55,4144.83,4735.98,8235.64,5897.11,461.61,31210.76,-14.56
USA,2007,3,long,4,106,9665.57,32.71,119.34,307.53,693.68,1038.74,1961.44,3616.60,1793.48,101.7,9665.22,0.35
USA,2007,3,long,4,107,3040.19,15.3,58.12,120.78,239.29,334.18,543.02,1036.60,655.47,38.11,3040.87,-0.68
USA,2007,3,long,4,108,134586.86,208.51,977.59,5406.55,14078.02,20599.04,29655.99,42512.82,19927.36,1223.73,134589.61,-2.75
USA,2007,3,long,4,109,4322.09,11.26,45.87,231.40,571.47,747.92,881.43,1167.96,617.87,47.64,4322.82,-0.73
USA,2007,3,long,4,110,272621.86,324.77,1529.96,8281.33,21540.59,32535.07,54469.23,96048.06,54199.64,3774.24,272702.89,-81.03
USA,2007,3,long,4,111,12710.27,408.37,423.41,902.32,1483.22,1968.78,2744.28,3471.21,1260.46,44.49,12706.54,3.73
USA,2007,3,long,4,112,162457.41,2104.92,2219.97,5549.85,10348.72,15183.64,28598.70,58711.49,37280.78,2517.19,162515.26,-57.85
USA,2008,1,long,4,0,1226196.92,60672.01,33738.81,75933.30,151135.57,201554.76,269233.39,325060.04,105539.30,3329.74,1226196.92,0
USA,2008,1,long,4,1,900828.69,58572.63,29540.79,59469.73,111770.70,147979.59,198143.16,226663.37,66739.38,1912.46,900791.81,36.88
USA,2008,1,long,4,102,8.11,0,0,1.02,3.03,0,1.01,1.01,2.04,0,8.11,0
USA,2008,1,long,4,103,1029.27,17.51,19.46,46.88,102.26,156.27,232.86,334.63,115.29,4.21,1029.37,-0.1
USA,2008,1,long,4,104,6076.12,20.64,63.51,302.69,770.46,1029.47,1223.66,1809.91,817.67,39.95,6077.96,-1.84
USA,2008,1,long,4,105,15393.53,123.74,556.33,1746.02,3173.12,2895.74,2532.45,2975.4,1333.11,59.94,15395.85,-2.32
USA,2008,1,long,4,106,4370.11,26.59,79.90,230.32,431.33,545.47,969.69,1440.92,628.47,17.87,4370.56,-0.45
USA,2008,1,long,4,107,1269.76,7.15,32.78,88.69,150.88,187.54,241.91,372.12,177.51,11.56,1270.14,-0.38
USA,2008,1,long,4,108,73278.71,135.06,700.66,3882.33,10403.65,14498.66,16997.72,19932.34,6504.81,223.94,73279.17,-0.46
USA,2008,1,long,4,109,2313.93,7.18,32.78,193.60,420.21,480.95,479.79,505.52,186.82,7.36,2314.21,-0.28
USA,2008,1,long,4,110,143177.29,229.23,1135.05,6048.30,16244.93,23327.47,32296.52,45614.25,17660.41,636.12,143192.28,-14.99
USA,2008,1,long,4,111,5072.27,174.35,190.53,414.83,775.62,925.63,1120.86,1131.29,329.55,9.46,5072.12,0.15
USA,2008,1,long,4,112,73379.13,1357.93,1387.02,3508.89,6889.38,9527.97,14993.76,24279.28,11044.24,406.87,73395.34,-16.21
USA,2008,2,long,4,0,1245786.92,30750.09,17614.63,48004.71,92715.34,143400.18,236300.54,413732.45,245702.38,17566.6,1245786.92,0
USA,2008,2,long,4,1,918991.40,29556.05,15685.16,40872.84,76609.13,115631.42,182617.77,292149.04,155637.51,10096.64,918855.56,135.84
USA,2008,2,long,4,102,20.32,1.05,0,1.02,4.05,2.02,4.03,6.08,2.06,0,20.31,0.01
USA,2008,2,long,4,103,2128.54,10.29,19.53,71.30,148.69,275.25,503.56,770.50,313.25,14.89,2127.26,1.28
USA,2008,2,long,4,104,10340.54,13.42,32.88,175.23,430.86,744.08,1431.24,3824.32,3292.54,409.43,10354,-13.46
USA,2008,2,long,4,105,17497.74,40.1,202.39,883.39,1496.49,1630.57,2402.20,5534.17,4888.71,432.88,17510.9,-13.16
USA,2008,2,long,4,106,5349.59,18.5,40.07,138.58,308.47,558.56,976.95,2044.92,1178.84,84.01,5348.9,0.69
USA,2008,2,long,4,107,1657.41,4.12,22.61,55.02,110.23,123.01,249.26,631.68,424.52,37.22,1657.67,-0.26
USA,2008,2,long,4,108,62545.88,57.63,259.94,1367.14,3716.07,6797.76,12125.61,23041.60,14149.04,1032.65,62547.44,-1.56
USA,2008,2,long,4,109,2163.1,5.16,10.27,80.49,189.12,241.97,365.33,716.88,513.17,41.47,2163.86,-0.76
USA,2008,2,long,4,110,127691.87,83.34,366.69,1930.58,5349.49,10167.45,20835.81,48597.46,37242.41,3185.2,127758.43,-66.56
USA,2008,2,long,4,111,8043,231.25,249.69,540.06,800.22,1172.60,1632.76,2406.67,958.60,47.86,8039.71,3.29
USA,2008,2,long,4,112,89357.53,729.18,725.40,1889.06,3552.52,6055.49,13156.02,34009.13,27101.73,2184.35,89402.88,-45.35
USA,2008,3,long,4,0,2471983.84,91422.1,51353.44,123938.01,243850.91,344954.94,505533.93,738792.49,351241.68,20896.34,2471983.84,0
USA,2008,3,long,4,1,1819820.08,88128.72,45225.97,100342.55,188379.81,263611.02,380760.93,518812.43,222376.88,12009.08,1819647.39,172.69
USA,2008,3,long,4,102,28.44,1.05,0,2.04,7.08,2.02,5.04,7.10,4.10,0,28.43,0.01
USA,2008,3,long,4,103,3157.81,27.81,38.99,118.18,250.95,431.52,736.41,1105.11,428.54,19.09,3156.6,1.21
USA,2008,3,long,4,104,16416.65,34.07,96.39,477.92,1201.32,1773.54,2654.89,5634.23,4110.21,449.38,16431.95,-15.3
USA,2008,3,long,4,105,32891.27,163.84,758.72,2629.41,4669.61,4526.31,4934.66,8509.56,6221.83,492.82,32906.76,-15.49
USA,2008,3,long,4,106,9719.7,45.09,119.97,368.91,739.80,1104.03,1946.64,3485.84,1807.31,101.89,9719.48,0.22
USA,2008,3,long,4,107,2927.17,11.26,55.39,143.71,261.11,310.54,491.17,1003.81,602.02,48.79,2927.8,-0.63
USA,2008,3,long,4,108,135824.59,192.68,960.60,5249.48,14119.73,21296.42,29123.33,42973.93,20653.85,1256.59,135826.61,-2.02
USA,2008,3,long,4,109,4477.04,12.34,43.05,274.08,609.33,722.93,845.12,1222.40,699.99,48.83,4478.07,-1.03
USA,2008,3,long,4,110,270869.15,312.57,1501.74,7978.87,21594.44,33494.92,53132.34,94211.72,54902.82,3821.33,270950.75,-81.6
USA,2008,3,long,4,111,13115.27,405.58,440.21,954.90,1575.84,2098.23,2753.61,3537.95,1288.16,57.32,13111.8,3.47
USA,2008,3,long,4,112,162736.67,2087.09,2112.41,5397.96,10441.89,15583.46,28149.79,58288.41,38145.97,2591.22,162798.2,-61.53
USA,2009,1,long,4,0,1217378.99,57458.32,33414.81,74157.71,153672.24,206164.78,261862.85,320356.32,106915.47,3376.49,1217378.99,0
USA,2009,1,long,4,1,895655.76,55471.72,29171.83,58032.81,114311.31,151726.24,193345.19,223683.72,67907.59,1965.56,895615.97,39.79
USA,2009,1,long,4,102,14.2,0,1.03,0,3.04,2.02,1.01,3.03,4.09,0,14.22,-0.02
USA,2009,1,long,4,103,1070.26,13.36,20.61,55.19,115.53,154.31,277.20,331.71,101.22,1.05,1070.18,0.08
USA,2009,1,long,4,104,6358.09,15.48,66.91,335.44,855.58,1110.42,1267.96,1777.0,878.41,53.58,6360.78,-2.69
USA,2009,1,long,4,105,16143.13,132.9,568.50,1808.65,3466.58,3176.80,2535.28,2977.12,1408.51,72.5,16146.84,-3.71
USA,2009,1,long,4,106,4233.3,17.47,70.01,203.58,402.31,566.78,871.85,1445.29,632.77,24.16,4234.22,-0.92
USA,2009,1,long,4,107,1304.56,7.21,38.10,93.08,162.21,210.77,212.67,394.50,181.03,5.25,1304.82,-0.26
USA,2009,1,long,4,108,69648.08,118.45,664.90,3608.62,10067.85,14179.70,16043.79,18424.85,6346.38,194.36,69648.9,-0.82
USA,2009,1,long,4,109,2214.06,8.25,30.89,136.05,379.27,494.43,455.78,507.92,198.47,3.15,2214.21,-0.15
USA,2009,1,long,4,110,140797.52,211.22,1124.04,5865.04,16153.14,23634.17,30822.49,44812.89,17580.10,608.31,140811.4,-13.88
USA,2009,1,long,4,111,5146.21,182.7,186.38,474.69,795.71,941.98,1112.75,1130.53,311.76,9.45,5145.95,0.26
USA,2009,1,long,4,112,74793.82,1279.56,1471.61,3544.56,6959.71,9967.16,14916.88,24867.76,11365.14,439.12,74811.5,-17.68
USA,2009,2,long,4,0,1219784.03,30093.97,17991.15,47419.02,95217.08,145243.30,228429.61,401595.68,236771.15,17023.07,1219784.03,0
USA,2009,2,long,4,1,906623.36,28946.93,16061.11,40691.39,79260.53,117535.1,177431.97,285386.75,151294.61,9871,906479.39,143.97
USA,2009,2,long,4,102,25.42,1.02,1.03,1.03,3.03,6.05,3.03,7.12,3.08,0,25.39,0.03
USA,2009,2,long,4,103,2173.08,15.51,20.64,65.41,137.72,287.23,503.62,800.24,324.00,17.08,2171.45,1.63
USA,2009,2,long,4,104,10316.27,14.5,35.09,178.80,438.58,751.87,1489.75,3823.32,3238.34,357.6,10327.85,-11.58
USA,2009,2,long,4,105,17553.25,62.05,212.61,870.64,1646.07,1714.64,2378.78,5515.36,4703.95,464.34,17568.44,-15.19
USA,2009,2,long,4,106,5239.48,17.54,53.69,125.72,258.27,548.25,968.91,2012.89,1182.96,70.45,5238.68,0.8
USA,2009,2,long,4,107,1621.71,7.24,15.47,58.28,84.05,141.09,260.42,579.96,447.91,27.75,1622.17,-0.46
USA,2009,2,long,4,108,57629.05,51.78,241.49,1270.92,3572.91,6725.96,11104.07,20893.93,12900.13,868.91,57630.1,-1.05
USA,2009,2,long,4,109,2036.94,6.26,12.37,55.19,133.69,280.17,375.45,647.00,479.79,48.04,2037.96,-1.02
USA,2009,2,long,4,110,119799.09,44.49,354.97,1805.21,5162.89,9861.51,19377.46,45708.12,34602.48,2949.48,119866.61,-67.52
USA,2009,2,long,4,111,8262.65,234.12,274.57,549.88,846.75,1183.34,1640.95,2448.11,1034.42,46.97,8259.11,3.54
USA,2009,2,long,4,112,88503.73,692.53,708.11,1746.55,3672.59,6208.09,12895.20,33772.88,26559.48,2301.45,88556.88,-53.15
USA,2009,3,long,4,0,2437163.02,87552.29,51405.96,121576.73,248889.32,351408.08,490292.46,721952.00,343686.62,20399.56,2437163.02,0
USA,2009,3,long,4,1,1802279.15,84418.63,45232.97,98724.19,193571.83,269261.36,370777.17,509070.45,219202.2,11836.55,1802095.35,183.8
USA,2009,3,long,4,102,39.61,1.02,2.06,1.03,6.08,8.07,4.04,10.15,7.17,0,39.62,-0.01
USA,2009,3,long,4,103,3243.34,28.87,41.24,120.60,253.25,441.55,780.82,1131.95,425.21,18.13,3241.62,1.72
USA,2009,3,long,4,104,16674.36,29.98,102.00,514.24,1294.16,1862.30,2757.7,5600.33,4116.75,411.17,16688.63,-14.27
USA,2009,3,long,4,105,33696.38,194.95,781.09,2679.3,5112.65,4891.43,4914.07,8492.48,6112.46,536.84,33715.27,-18.89
USA,2009,3,long,4,106,9472.79,35.02,123.69,329.30,660.58,1115.02,1840.75,3458.18,1815.73,94.61,9472.88,-0.09
USA,2009,3,long,4,107,2926.27,14.45,53.57,151.35,246.25,351.86,473.09,974.46,628.94,33.01,2926.98,-0.71
USA,2009,3,long,4,108,127277.12,170.25,906.39,4879.54,13640.76,20905.65,27147.86,39318.79,19246.53,1063.27,127279.04,-1.92
USA,2009,3,long,4,109,4251.01,14.51,43.26,191.24,512.96,774.6,831.23,1154.92,678.25,51.19,4252.16,-1.15
USA,2009,3,long,4,110,260596.6,255.7,1479.02,7670.25,21316.04,33495.68,50199.95,90521.01,52182.58,3557.79,260678.02,-81.42
USA,2009,3,long,4,111,13408.85,416.81,460.95,1024.58,1642.46,2125.32,2753.70,3578.64,1346.18,56.42,13405.06,3.79
USA,2009,3,long,4,112,163297.54,1972.1,2179.72,5291.11,10632.30,16175.24,27812.08,58640.64,37924.62,2740.58,163368.39,-70.85
USA,2010,1,long,4,0,1232431.97,55444.85,32377.27,70770.95,153855.71,212051.79,263204.36,326556.79,114563.99,3606.26,1232431.97,0
USA,2010,1,long,4,1,910423.05,53459.63,28247.6,55283.57,114508.64,157195.33,195724.89,230177.42,73654.38,2125.55,910377.01,46.04
USA,2010,1,long,4,102,11.13,2.04,2.04,0,1.01,2.02,1.01,3.03,0,0,11.15,-0.02
USA,2010,1,long,4,103,996.82,13.27,16.32,44.65,109.05,161.17,219.76,308.78,120.62,3.18,996.8,0.02
USA,2010,1,long,4,104,6718.13,19.4,61.18,318.56,905.72,1229.96,1345.74,1875.80,905.56,59.39,6721.31,-3.18
USA,2010,1,long,4,105,16429.91,126.37,510.98,1811.62,3462.51,3307.19,2552.11,3110.89,1478.55,73.21,16433.43,-3.52
USA,2010,1,long,4,106,4253.04,19.34,68.31,161.33,391.74,603.39,854.83,1476.04,663.75,14.85,4253.58,-0.54
USA,2010,1,long,4,107,1305.97,6.12,28.55,83.21,184.80,180.32,237.90,394.85,186.22,4.24,1306.21,-0.24
USA,2010,1,long,4,108,68186.95,124.5,669.86,3491.05,10000.40,14154.46,15375.03,17879.53,6292.77,200.46,68188.06,-1.11
USA,2010,1,long,4,109,2244.77,10.23,25.49,165.38,389.75,492.60,443.53,513.19,201.42,3.18,2244.77,0
USA,2010,1,long,4,110,139556.34,209.19,1141.99,5599.48,15958.26,23429.90,30167.86,44028.36,18396.60,642.78,139574.42,-18.08
USA,2010,1,long,4,111,5546.46,175.33,195.77,401.80,825.96,1025.46,1195.52,1304.73,405.86,15.91,5546.34,0.12
USA,2010,1,long,4,112,76759.4,1279.43,1409.18,3410.30,7117.87,10269.99,15086.18,25484.17,12258.26,463.51,76778.89,-19.49
USA,2010,2,long,4,0,1236002.92,28560.88,17632.53,44825.4,95750.04,148775.69,227350.15,405224.79,249661.38,18222.06,1236002.92,0
USA,2010,2,long,4,1,924030.15,27548.81,15733.69,38138.12,79662.95,120817.02,177938.39,291419.83,161946.36,10669,923874.17,155.98
USA,2010,2,long,4,102,18.3,0,1.02,1.01,2.02,3.03,3.03,7.12,1.03,0,18.26,0.04
USA,2010,2,long,4,103,2005.78,8.24,21.46,57.90,152.50,254.92,472.51,678.07,347.09,11.79,2004.48,1.3
USA,2010,2,long,4,104,10838.21,10.28,42.89,181.79,459.59,795.98,1546.94,3860.84,3539.62,415.91,10853.84,-15.63
USA,2010,2,long,4,105,17763.34,38.89,218.72,824.86,1682.27,1766.52,2342.75,5518.46,4887.67,499.6,17779.74,-16.4
USA,2010,2,long,4,106,5247.21,11.25,51.12,122.9,300.00,567.26,989.48,1929.71,1182.20,93.26,5247.18,0.03
USA,2010,2,long,4,107,1560.37,4.09,12.25,41.65,80.80,140.05,230.22,581.55,436.98,33.23,1560.82,-0.45
USA,2010,2,long,4,108,55609.58,56.39,234.98,1222.77,3490.79,6601.54,10550.87,19923.60,12591.90,937.94,55610.78,-1.2
USA,2010,2,long,4,109,2142.94,7.17,11.24,60.95,163.65,223.68,382.64,718.70,533.94,41.81,2143.78,-0.84
USA,2010,2,long,4,110,117486.53,55.25,308.56,1818.90,5149.38,9968.26,18352.05,43894.01,34848.47,3168.76,117563.64,-77.11
USA,2010,2,long,4,111,8524.69,193.19,290.28,547.53,858.60,1205.03,1679.01,2549.48,1147.59,49.31,8520.02,4.67
USA,2010,2,long,4,112,90775.82,627.32,706.32,1807.02,3747.49,6432.40,12862.26,34143.42,28198.53,2301.45,90826.21,-50.39
USA,2010,3,long,4,0,2468434.89,84005.73,50009.80,115596.35,249605.75,360827.48,490554.51,731781.58,364225.37,21828.32,2468434.89,0
USA,2010,3,long,4,1,1834453.21,81008.44,43981.29,93421.71,194171.61,278012.38,373663.27,521597.24,235600.72,12794.55,1834251.21,202
USA,2010,3,long,4,102,29.43,2.04,3.06,1.01,3.03,5.04,4.04,10.15,1.03,0,29.4,0.03
USA,2010,3,long,4,103,3002.6,21.51,37.78,102.54,261.55,416.09,692.27,986.85,467.71,14.97,3001.27,1.33
USA,2010,3,long,4,104,17556.34,29.69,104.07,500.35,1365.31,2025.93,2892.68,5736.64,4445.18,475.3,17575.15,-18.81
USA,2010,3,long,4,105,34193.24,165.25,729.70,2636.48,5144.78,5073.72,4894.86,8629.35,6366.21,572.81,34213.16,-19.92
USA,2010,3,long,4,106,9500.26,30.59,119.43,284.22,691.74,1170.65,1844.30,3405.74,1845.95,108.11,9500.73,-0.47
USA,2010,3,long,4,107,2866.34,10.21,40.80,124.86,265.60,320.37,468.13,976.41,623.21,37.47,2867.06,-0.72
USA,2010,3,long,4,108,123796.53,180.88,904.84,4713.82,13491.18,20755.99,25925.90,37803.13,18884.67,1138.4,123798.81,-2.28
USA,2010,3,long,4,109,4387.7,17.39,36.73,226.32,553.40,716.28,826.18,1231.91,735.36,44.99,4388.56,-0.86
USA,2010,3,long,4,110,257042.87,264.44,1450.55,7418.38,21107.64,33398.16,48519.91,87922.37,53245.08,3811.54,257138.07,-95.2
USA,2010,3,long,4,111,14071.15,368.52,486.05,949.33,1684.55,2230.49,2874.53,3854.20,1553.45,65.22,14066.34,4.81
USA,2010,3,long,4,112,167535.22,1906.77,2115.50,5217.33,10865.36,16702.38,27948.44,59627.59,40456.80,2764.96,167605.13,-69.91
USA,2011,1,long,4,0,1254977.93,55530.32,32750.55,69382.40,157339.29,218900.09,265294.21,330219.27,121822.52,3739.28,1254977.93,0
USA,2011,1,long,4,1,931342.98,53635.52,28678.07,54123.76,117965.64,162606.81,198264.81,234565.6,79211.6,2245.02,931296.83,46.15
USA,2011,1,long,4,102,14.18,1.02,0,3.04,2.02,1.01,3.03,2.02,2.04,0,14.18,0
USA,2011,1,long,4,103,995.25,17.45,20.35,39.52,97.96,165.26,227.84,314.00,107.58,5.28,995.24,0.01
USA,2011,1,long,4,104,6948.9,11.22,75.26,346.51,906.78,1298.83,1398.31,1856.60,996.43,62.3,6952.24,-3.34
USA,2011,1,long,4,105,16620.5,118.03,539.25,1898.01,3559.14,3493.85,2525.49,2991.23,1448.59,49.63,16623.22,-2.72
USA,2011,1,long,4,106,4495.17,15.26,49.85,187.44,378.69,585.43,864.00,1607.43,773.77,34.85,4496.72,-1.55
USA,2011,1,long,4,107,1653.35,7.12,23.39,102.35,210.06,209.59,304.46,517.71,273.72,5.28,1653.68,-0.33
USA,2011,1,long,4,108,67531.39,133.41,647.97,3454.82,9699.41,14338.15,15230.42,17460.27,6367.99,198.52,67530.96,0.43
USA,2011,1,long,4,109,2170.62,8.2,24.41,96.24,347.37,448.38,487.94,582.38,168.01,7.39,2170.32,0.3
USA,2011,1,long,4,110,139692.9,219.09,1103.72,5491.64,16134.41,24112.01,29675.91,43359.74,18974.86,638.91,139710.29,-17.39
USA,2011,1,long,4,111,5669.56,153.64,199.41,425.58,841.19,1102.36,1269.23,1260.69,407.63,9.5,5669.23,0.33
USA,2011,1,long,4,112,77843.13,1210.36,1388.87,3213.49,7196.62,10538.41,15042.77,25701.60,13090.30,482.6,77865.02,-21.89
USA,2011,2,long,4,0,1260479.93,28347.69,17909.47,44715.23,98521.65,153636.14,228573.18,407697.00,262006.07,19073.5,1260479.93,0
USA,2011,2,long,4,1,949598.95,27259.9,15950.84,38284.08,82213.53,125220.22,180127.8,296135.59,172842.35,11402.77,949437.08,161.87
USA,2011,2,long,4,102,23.38,0,0,2.03,4.04,2.02,5.05,10.19,0,0,23.33,0.05
USA,2011,2,long,4,103,2122.68,14.47,20.41,78.06,150.43,232.76,445.32,793.84,371.56,13.98,2120.83,1.85
USA,2011,2,long,4,104,11185.1,7.21,34.67,177.38,509.90,854.48,1547.95,3840.48,3760.59,470.94,11203.6,-18.5
USA,2011,2,long,4,105,17527.95,51.46,245.86,818.15,1683.46,1908.69,2206.56,5217.43,4950.68,461.32,17543.61,-15.66
USA,2011,2,long,4,106,5702.7,19.55,39.78,113.55,235.26,476.61,965.34,2164.82,1555.95,133.33,5704.19,-1.49
USA,2011,2,long,4,107,2066.93,3.09,16.32,44.62,98.96,176.34,291.82,747.13,652.78,36.56,2067.62,-0.69
USA,2011,2,long,4,108,54131.49,48.35,233.57,1138.39,3531.95,6511.37,10221.71,18938.17,12602.10,906.41,54132.02,-0.53
USA,2011,2,long,4,109,2019.65,4.12,12.24,66.89,146.41,241.83,320.09,694.10,485.64,49.46,2020.78,-1.13
USA,2011,2,long,4,110,115582.65,66.97,315.16,1702.89,5277.76,10183.47,18005.72,42223.45,34668.59,3219.28,115663.29,-80.64
USA,2011,2,long,4,111,8748.68,202.16,270.34,507.99,863.33,1308.93,1692.34,2566.39,1268.05,64.51,8744.04,4.64
USA,2011,2,long,4,112,91769.77,670.41,770.28,1781.20,3806.62,6519.42,12743.48,34365.41,28847.78,2314.94,91819.54,-49.77
USA,2011,3,long,4,0,2515457.86,83878.01,50660.02,114097.63,255860.94,372536.23,493867.39,737916.27,383828.59,22812.78,2515457.86,0
USA,2011,3,long,4,1,1880941.93,80895.46,44628.95,92407.83,200179.14,287827.06,378392.6,530701.2,252053.92,13647.8,1880733.96,207.97
USA,2011,3,long,4,102,37.56,1.02,0,5.07,6.06,3.02,8.07,12.21,2.04,0,37.49,0.07
USA,2011,3,long,4,103,3117.93,31.92,40.75,117.58,248.39,398.02,673.16,1107.84,479.14,19.26,3116.06,1.87
USA,2011,3,long,4,104,18134,18.43,109.92,523.89,1416.69,2153.31,2946.26,5697.08,4757.01,533.24,18155.83,-21.83
USA,2011,3,long,4,105,34148.45,169.49,785.11,2716.16,5242.60,5402.54,4732.06,8208.66,6399.27,510.95,34166.84,-18.39
USA,2011,3,long,4,106,10197.88,34.82,89.62,300.98,613.95,1062.04,1829.34,3772.25,2329.74,168.17,10200.91,-3.03
USA,2011,3,long,4,107,3720.28,10.21,39.7,146.98,309.02,385.92,596.29,1264.84,926.50,41.84,3721.3,-1.02
USA,2011,3,long,4,108,121662.88,181.75,881.53,4593.21,13231.36,20849.51,25452.13,36398.44,18970.08,1104.93,121662.94,-0.06
USA,2011,3,long,4,109,4190.27,12.32,36.66,163.13,493.78,690.22,808.03,1276.48,653.65,56.85,4191.12,-0.85
USA,2011,3,long,4,110,255275.55,286.04,1418.88,7194.53,21412.17,34295.48,47681.63,85583.19,53643.46,3858.19,255373.57,-98.02
USA,2011,3,long,4,111,14418.24,355.79,469.75,933.58,1704.54,2411.28,2961.57,3827.08,1675.68,74.02,14413.29,4.95
USA,2011,3,long,4,112,169612.89,1880.76,2159.15,4994.69,11003.24,17057.83,27786.25,60067.00,41938.10,2797.53,169684.55,-71.66
USA,2012,1,long,4,0,1273721.97,54980.28,33201.60,66958.30,159577.53,228145.89,268456.59,329615.38,128693.6,4092.8,1273721.97,0
USA,2012,1,long,4,1,945176.96,53079.79,29133.47,52589.38,119581.31,169139.5,200851.93,234602.72,83755.81,2388.39,945122.3,54.66
USA,2012,1,long,4,102,11.13,2.03,1.02,1.01,2.02,2.02,2.02,1.01,0,0,11.13,0
USA,2012,1,long,4,103,1020.2,12.32,20.41,41.63,113.22,150.24,226.89,326.19,126.13,3.16,1020.19,0.01
USA,2012,1,long,4,104,7610.49,16.34,59.16,279.10,1034.04,1501.64,1471.21,2016.02,1165.55,71.67,7614.73,-4.24
USA,2012,1,long,4,105,17725.97,126.6,589.78,1731.94,3892.54,3779.63,2660.52,3185.59,1699.77,63.25,17729.62,-3.65
USA,2012,1,long,4,106,4400.19,26.56,39.8,155.30,367.00,580.00,824.03,1573.85,799.24,35.84,4401.62,-1.43
USA,2012,1,long,4,107,1780.92,10.24,37.76,84.26,202.17,259.18,347.89,530.95,296.44,12.65,1781.54,-0.62
USA,2012,1,long,4,108,66921.61,131.91,649.86,3159.46,9784.72,14713.57,14928.13,16801.71,6560.28,191.82,66921.46,0.15
USA,2012,1,long,4,109,2126.15,4.15,26.55,100.55,360.16,439.12,408.78,547.58,224.83,14.77,2126.49,-0.34
USA,2012,1,long,4,110,140243.83,215.69,1095.81,5185.66,16094.65,25240.98,29904.47,42280.85,19502.05,744.2,140264.36,-20.53
USA,2012,1,long,4,111,5897.49,192.12,202.03,435.47,834.9,1129.46,1290.71,1375.78,423.10,12.65,5896.22,1.27
USA,2012,1,long,4,112,80807.03,1162.53,1345.95,3194.54,7310.80,11210.55,15540.01,26373.13,14140.40,554.4,80832.31,-25.28
USA,2012,2,long,4,0,1269556.98,28245,17772.66,43322.62,100405.73,157992.84,230351.53,403183.94,268408.92,19873.74,1269556.98,0
USA,2012,2,long,4,1,958769.97,27207.58,15848.12,36972.69,83793.05,128598.77,182002.6,294428.96,177695.3,12061.42,958608.49,161.48
USA,2012,2,long,4,102,8.13,1.03,0,1.01,0,2.01,2.02,1.02,1.03,0,8.12,0.01
USA,2012,2,long,4,103,2099.49,12.4,28.71,42.60,122.22,289.25,461.57,716.75,405.62,19.35,2098.47,1.02
USA,2012,2,long,4,104,11955.44,7.27,45.09,195.75,527.27,991.75,1598.85,4114.07,4037.64,453.71,11971.4,-15.96
USA,2012,2,long,4,105,17918.05,40.12,232.42,800.64,1790.36,1911.23,2310.81,5258.20,5092.50,497.82,17934.1,-16.05
USA,2012,2,long,4,106,5665.56,11.31,32.79,82.20,242.51,517.14,930.46,2111.76,1612.30,126.89,5667.36,-1.8
USA,2012,2,long,4,107,2223.36,6.17,19.45,39.57,105.07,186.45,309.05,790.29,723.14,45.16,2224.35,-0.99
USA,2012,2,long,4,108,52811.96,62.77,249.90,1223.19,3486.22,6546.39,10018.89,17863.96,12407.49,956.9,52815.71,-3.75
USA,2012,2,long,4,109,1881.12,6.21,13.31,54.79,122.24,206.61,338.33,635.49,470.78,33.33,1881.09,0.03
USA,2012,2,long,4,110,113438.55,62.88,335.82,1699.13,5470.42,10523.73,17683.20,40495.89,34190.38,3047.09,113508.54,-69.99
USA,2012,2,long,4,111,8953.92,200.80,244.86,508.55,870.85,1319.33,1822.82,2573.92,1346.15,62.36,8949.64,4.28
USA,2012,2,long,4,112,93831.43,626.46,722.19,1702.50,3875.52,6900.18,12872.93,34193.63,30426.59,2569.71,93889.71,-58.28
USA,2012,3,long,4,0,2543278.95,83225.28,50974.26,110280.92,259983.26,386138.73,498808.12,732799.32,397102.52,23966.54,2543278.95,0
USA,2012,3,long,4,1,1903946.92,80287.37,44981.57,89562.06,203374.40,297738.27,382854.50,529031.68,261451.1,14449.81,1903730.76,216.16
USA,2012,3,long,4,102,19.27,3.06,1.02,2.03,2.02,4.03,4.04,2.03,1.03,0,19.26,0.01
USA,2012,3,long,4,103,3119.69,24.73,49.11,84.22,235.43,439.49,688.46,1042.94,531.75,22.51,3118.64,1.05
USA,2012,3,long,4,104,19565.93,23.61,104.26,474.85,1561.31,2493.39,3070.06,6130.07,5203.18,525.38,19586.11,-20.18
USA,2012,3,long,4,105,35644.02,166.72,822.21,2532.59,5682.89,5690.87,4971.34,8443.79,6792.26,561.07,35663.74,-19.72
USA,2012,3,long,4,106,10065.75,37.86,72.59,237.50,609.51,1097.14,1754.50,3685.61,2411.55,162.73,10068.99,-3.24
USA,2012,3,long,4,107,4004.28,16.41,57.21,123.83,307.23,445.63,656.94,1321.24,1019.58,57.8,4005.87,-1.59
USA,2012,3,long,4,108,119733.57,194.68,899.76,4382.65,13270.94,21259.96,24947.02,34665.68,18967.77,1148.73,119737.19,-3.62
USA,2012,3,long,4,109,4007.27,10.35,39.86,155.34,482.40,645.73,747.11,1183.07,695.61,48.1,4007.57,-0.3
USA,2012,3,long,4,110,253682.38,278.56,1431.64,6884.79,21565.07,35764.72,47587.67,82776.74,53692.44,3791.29,253772.92,-90.54
USA,2012,3,long,4,111,14851.41,392.95,446.89,944.02,1705.75,2448.78,3113.53,3949.71,1769.25,75.01,14845.89,5.52
USA,2012,3,long,4,112,174638.46,1788.98,2068.14,4897.04,11186.31,18110.72,28412.95,60566.76,44567.00,3124.11,174722.01,-83.55
USA,2013,1,long,4,0,1306034.02,54408.96,33986.48,66061.81,161470.74,236674.21,279754.35,334485.35,134844.81,4347.31,1306034.02,0
USA,2013,1,long,4,1,967910.68,52550.16,29995.47,51670.62,120729.57,175357.81,208884.47,238382.07,87724.28,2568.64,967863.09,47.59
USA,2013,1,long,4,102,15.23,2.09,0,1.01,1.01,4.03,2.02,5.06,0,0,15.22,0.01
USA,2013,1,long,4,103,1139.01,11.25,23.47,49.73,121.22,179.39,236.86,377.07,137.77,2.11,1138.87,0.14
USA,2013,1,long,4,104,8186.29,23.51,76.47,340.01,1208.32,1582.27,1623.80,2119.92,1144.95,69.71,8188.96,-2.67
USA,2013,1,long,4,105,18928.34,128.55,566.98,1831.51,3967.55,4176.4,3005.30,3306.40,1864.25,85.57,18932.51,-4.17
USA,2013,1,long,4,106,4921.46,21.47,56.07,188.79,397.06,648.98,960.60,1683.28,921.51,45.41,4923.17,-1.71
USA,2013,1,long,4,107,1910.53,6.12,30.60,86.27,181.87,329.56,327.59,581.32,354.07,13.73,1911.13,-0.6
USA,2013,1,long,4,108,66760.45,106.13,632.06,3077.16,9677.59,14817.63,15396.37,16468.70,6397.89,184.83,66758.36,2.09
USA,2013,1,long,4,109,2173.26,9.18,22.43,109.65,361.85,490.03,456.81,486.43,226.66,10.57,2173.61,-0.35
USA,2013,1,long,4,110,141897.65,203.05,1009.24,4961.16,16189.02,25783.87,30772.86,42085.77,20131.02,780.55,141916.54,-18.89
USA,2013,1,long,4,111,6328.7,194.09,188.66,427.33,914.38,1254.69,1395.01,1427.27,519.17,7.39,6327.99,0.71
USA,2013,1,long,4,112,85862.42,1153.36,1385.03,3318.57,7721.30,12049.55,16692.66,27562.06,15423.24,578.8,85884.57,-22.15
USA,2013,2,long,4,0,1290958.96,27984.75,18245.52,42526.23,102414.94,163005.66,237494.81,402511.54,276130.93,20644.58,1290958.96,0
USA,2013,2,long,4,1,978021.6,26951.69,16385.73,36335.26,85302.21,132837.61,188119.62,294899.97,184492.80,12553.35,977878.24,143.36
USA,2013,2,long,4,102,14.24,2.05,0,1.02,0,3.03,3.03,3.05,2.05,0,14.23,0.01
USA,2013,2,long,4,103,2138.26,19.61,18.43,52.73,145.50,255.93,419.7,789.28,412.88,23.41,2137.47,0.79
USA,2013,2,long,4,104,12083.72,8.22,43.01,158.25,621.51,1016.69,1725.24,3922.52,4068.91,537.42,12101.77,-18.05
USA,2013,2,long,4,105,18737.68,45.29,213.00,874.39,1971.68,2244.14,2486.75,5274.58,5117.25,525.71,18752.79,-15.11
USA,2013,2,long,4,106,6036.3,13.39,35.85,89.29,271.83,498.78,998.81,2232.62,1763.03,134.09,6037.69,-1.39
USA,2013,2,long,4,107,2188.83,5.15,17.41,37.55,116.20,203.54,302.66,792.48,662.73,52.15,2189.87,-1.04
USA,2013,2,long,4,108,51559.97,55.61,217.10,1135.05,3463.08,6627.18,9944.49,17191.66,12009.91,917.34,51561.42,-1.45
USA,2013,2,long,4,109,2002.07,10.32,7.17,43.61,140.48,237.81,349.07,654.64,509.56,50.02,2002.68,-0.61
USA,2013,2,long,4,110,110903.12,83.55,310.30,1556.11,5392.40,10540.27,17627.44,38592.48,33723.65,3139.52,110965.72,-62.6
USA,2013,2,long,4,111,9372.68,173.73,248.88,542.81,895.37,1341.16,1853.22,2804.41,1452.76,55.34,9367.68,5
USA,2013,2,long,4,112,97900.49,616.14,748.64,1700.16,4094.68,7199.52,13664.78,35353.85,31915.40,2656.23,97949.4,-48.91
USA,2013,3,long,4,0,2596992.98,82393.71,52232.00,108588.04,263885.68,399679.87,517249.16,736996.89,410975.74,24991.89,2596992.98,0
USA,2013,3,long,4,1,1945932.27,79501.88,46381.18,88005.88,206031.79,308195.42,397004.06,533282.05,272217.12,15122.02,1945741.4,190.87
USA,2013,3,long,4,102,29.47,4.14,0,2.03,1.01,7.05,5.05,8.11,2.05,0,29.44,0.03
USA,2013,3,long,4,103,3277.27,30.85,41.90,102.47,266.73,435.31,656.57,1166.35,550.64,25.52,3276.34,0.93
USA,2013,3,long,4,104,20270.01,31.73,119.48,498.26,1829.82,2598.96,3349.04,6042.44,5213.86,607.12,20290.71,-20.7
USA,2013,3,long,4,105,37666.02,173.83,779.98,2705.90,5939.22,6420.53,5492.05,8580.98,6981.49,611.28,37685.26,-19.24
USA,2013,3,long,4,106,10957.76,34.86,91.92,278.08,668.89,1147.76,1959.41,3915.90,2684.54,179.5,10960.86,-3.1
USA,2013,3,long,4,107,4099.36,11.27,48.00,123.81,298.07,533.11,630.25,1373.80,1016.80,65.88,4100.99,-1.63
USA,2013,3,long,4,108,118320.42,161.73,849.17,4212.22,13140.68,21444.81,25340.86,33660.36,18407.80,1102.16,118319.79,0.63
USA,2013,3,long,4,109,4175.33,19.5,29.60,153.27,502.33,727.85,805.88,1141.06,736.21,60.58,4176.28,-0.95
USA,2013,3,long,4,110,252800.78,286.61,1319.55,6517.26,21581.41,36324.14,48400.30,80678.25,53854.66,3920.07,252882.25,-81.47
USA,2013,3,long,4,111,15701.38,367.81,437.55,970.13,1809.74,2595.85,3248.24,4231.67,1971.93,62.73,15695.65,5.73
USA,2013,3,long,4,112,183762.91,1769.5,2133.67,5018.73,11815.99,19249.08,30357.45,62915.92,47338.64,3235.03,183834.01,-71.1
USA,2014,1,long,4,0,1328240,54925.52,35588.94,64480.35,163099.50,246038.39,288153.87,331773.49,139617.56,4562.38,1328240,0
USA,2014,1,long,4,1,986863.56,53079.07,31503.87,50609.17,122198.17,182848.08,215390.23,236848.65,91673.65,2676.37,986827.26,36.3
USA,2014,1,long,4,102,13.14,0,1.02,1.01,2.02,2.02,3.03,2.02,2.03,0,13.15,-0.01
USA,2014,1,long,4,103,1080.58,16.33,21.40,56.78,92.94,189.46,250.80,320.76,129.94,2.08,1080.49,0.09
USA,2014,1,long,4,104,8234.17,15.36,94.67,340.70,1120.42,1732.22,1651.79,2101.19,1084.56,95.8,8236.71,-2.54
USA,2014,1,long,4,105,19873.1,145.75,626.27,1883.06,4244.88,4380.90,3225.11,3409.65,1870.52,89.56,19875.7,-2.6
USA,2014,1,long,4,106,4875.58,28.56,56.01,182.52,398.04,694.29,971.95,1598.88,919.00,27.08,4876.33,-0.75
USA,2014,1,long,4,107,2052.36,9.18,16.29,106.47,219.26,324.48,399.86,605.26,359.46,12.5,2052.76,-0.4
USA,2014,1,long,4,108,65693.12,106.03,587.52,2875.68,9508.18,14834.65,15463.97,15837.37,6268.30,210.36,65692.06,1.06
USA,2014,1,long,4,109,2220.86,7.13,16.30,97.38,346.71,511.12,499.80,490.46,232.64,19.79,2221.33,-0.47
USA,2014,1,long,4,110,141482.98,220.28,1015.24,4737.64,16250.13,26355.46,31195.45,40560.60,20379.27,783.19,141497.26,-14.28
USA,2014,1,long,4,111,6405.27,169.3,194.57,445.25,868.10,1305.13,1418.33,1497.09,498.6,8.33,6404.7,0.57
USA,2014,1,long,4,112,89445.28,1128.53,1455.78,3144.69,7850.65,12860.58,17683.55,28501.56,16199.59,637.32,89462.25,-16.97
USA,2014,2,long,4,0,1298176.95,28092.13,18997.78,42217.72,104992.27,168478.89,242678.90,392208.01,279160.38,21350.87,1298176.95,0
USA,2014,2,long,4,1,987497.29,27039.93,17023.99,36010.62,87343.66,137278.64,192724.76,288499.32,188308.21,13164.45,987393.58,103.71
USA,2014,2,long,4,102,10.13,0,2.04,1.02,0,0,4.03,3.03,0,0,10.12,0.01
USA,2014,2,long,4,103,2215.88,15.44,20.45,40.61,135.30,266.01,439.28,836.29,445.64,15.74,2214.76,1.12
USA,2014,2,long,4,104,11520.94,3.08,36.79,177.65,605.82,1091.31,1676.59,3760.34,3743.65,435.48,11530.71,-9.77
USA,2014,2,long,4,105,19303.82,39,257.56,897.45,2050.91,2269.42,2610.69,5176.50,5489.07,524.7,19315.3,-11.48
USA,2014,2,long,4,106,5942.52,16.4,29.64,94.41,261.48,549.16,1009.56,2162.22,1694.93,124.87,5942.67,-0.15
USA,2014,2,long,4,107,2416.92,8.19,20.44,43.65,102.98,226.73,386.89,840.47,725.29,62.96,2417.6,-0.68
USA,2014,2,long,4,108,49557.38,38.98,253.44,1072.05,3536.00,6757.36,9882.15,15856.22,11267.83,894.07,49558.1,-0.72
USA,2014,2,long,4,109,2016.93,6.19,13.29,40.61,156.49,256.95,353.65,660.40,477.42,52.47,2017.47,-0.54
USA,2014,2,long,4,110,107698.14,53.32,339.31,1586.87,5560.72,10676.87,17540.17,36378.96,32506.94,3100.07,107743.23,-45.09
USA,2014,2,long,4,111,9692.81,200.17,236.12,546.15,923.93,1408.70,2013.05,2754.57,1535.20,71.36,9689.25,3.56
USA,2014,2,long,4,112,100304.19,671.43,764.71,1706.63,4314.98,7697.74,14038.08,35279.69,32966.20,2904.7,100344.16,-39.97
USA,2014,3,long,4,0,2626416.95,83017.65,54586.72,106698.07,268091.77,414517.28,530832.77,723981.5,418777.94,25913.25,2626416.95,0
USA,2014,3,long,4,1,1974360.85,80119.03,48527.87,86619.77,209541.87,320126.71,408114.99,525348,279981.88,15840.82,1974220.94,139.91
USA,2014,3,long,4,102,23.27,0,3.06,2.03,2.02,2.02,7.05,5.05,2.03,0,23.26,0.01
USA,2014,3,long,4,103,3296.46,31.74,41.85,97.38,228.24,455.46,690.08,1157.05,575.59,17.82,3295.21,1.25
USA,2014,3,long,4,104,19755.12,18.43,131.46,518.36,1726.24,2823.53,3328.38,5861.52,4828.21,531.28,19767.41,-12.29
USA,2014,3,long,4,105,39176.92,184.75,883.84,2780.51,6295.78,6650.32,5835.8,8586.15,7359.59,614.26,39191,-14.08
USA,2014,3,long,4,106,10818.1,44.97,85.65,276.93,659.52,1243.45,1981.52,3761.09,2613.92,151.95,10819,-0.9
USA,2014,3,long,4,107,4469.28,17.37,36.72,150.13,322.24,551.21,786.75,1445.72,1084.76,75.46,4470.36,-1.08
USA,2014,3,long,4,108,115250.49,145.01,840.96,3947.73,13044.17,21592.02,25346.12,31693.59,17536.12,1104.43,115250.15,0.34
USA,2014,3,long,4,109,4237.79,13.32,29.58,137.99,503.20,768.07,853.45,1150.86,710.06,72.26,4238.79,-1
USA,2014,3,long,4,110,249181.12,273.61,1354.55,6324.52,21810.85,37032.33,48735.62,76939.56,52886.21,3883.26,249240.51,-59.39
USA,2014,3,long,4,111,16098.08,369.45,430.70,991.40,1792.02,2713.84,3431.38,4251.67,2033.78,79.69,16093.93,4.15
USA,2014,3,long,4,112,189749.47,1799.97,2220.48,4851.32,12165.62,20558.32,31721.63,63781.24,49165.79,3542.02,189806.39,-56.92
USA,2015,1,long,4,0,1373404.1,57965.04,38799.69,64295.45,163925.34,258107.84,298450.66,339077.46,147843.25,4939.37,1373404.1,0
USA,2015,1,long,4,1,1021177.64,56045.16,34607.37,50682.53,122955.97,191683.73,222802.34,242336.73,97072.97,2957.21,1021144.01,33.63
USA,2015,1,long,4,102,6.05,0,0,0,1.01,2.02,2.02,1.01,0,0,6.06,-0.01
USA,2015,1,long,4,103,1123.96,24.57,25.50,45.70,97.02,195.50,221.46,357.86,147.04,9.3,1123.95,0.01
USA,2015,1,long,4,104,8817.79,17.39,100.95,363.56,1226.49,1906.71,1805.91,2089.68,1246.98,61.97,8819.64,-1.85
USA,2015,1,long,4,105,21093.45,134.65,669.2,1868.83,4172.67,4855.31,3521.80,3664.82,2094.39,114.66,21096.33,-2.88
USA,2015,1,long,4,106,5246.62,21.54,61.18,160.46,415.22,785.02,1074.07,1669.37,1016.44,44.41,5247.71,-1.09
USA,2015,1,long,4,107,2303.13,5.1,29.58,113.74,215.20,342.64,430.83,715.74,426.09,24.79,2303.71,-0.58
USA,2015,1,long,4,108,65805.22,133.66,588.38,2801.87,9419.46,15192.6,15506.21,15602.97,6346.72,211.75,65803.62,1.6
USA,2015,1,long,4,109,2292.95,8.19,25.49,88.35,390.02,551.25,492.25,529.22,204.93,3.1,2292.8,0.15
USA,2015,1,long,4,110,143126.08,187.82,1067.77,4548.66,15823.11,27054.50,31780.46,40807.35,21067.26,802.58,143139.51,-13.43
USA,2015,1,long,4,111,7124.99,184.92,191.81,479.41,974.13,1481.63,1575.63,1624.09,598.52,14.46,7124.60,0.39
USA,2015,1,long,4,112,95286.22,1202.04,1432.46,3142.34,8235.04,14056.93,19237.68,29678.62,17621.91,695.14,95302.16,-15.94
USA,2015,2,long,4,0,1339225.92,29262.91,20237.66,41766.32,105794.39,175607.64,251512.06,398852.80,293601.44,22590.7,1339225.92,0
USA,2015,2,long,4,1,1018103.89,28105.71,18148.99,35560.27,87972.12,142448.97,199402.82,293715.82,198602.74,14056.49,1018013.93,89.96
USA,2015,2,long,4,102,13.15,0,0,0,2.02,3.02,1.01,5.05,2.03,0,13.13,0.02
USA,2015,2,long,4,103,2266.89,22.58,26.61,47.72,146.31,264.9,478.61,761.92,480.52,37.5,2266.67,0.22
USA,2015,2,long,4,104,12113.56,15.44,49.11,189.82,608.49,1226.76,1787.50,3859.54,3923.82,461.49,12121.97,-8.41
USA,2015,2,long,4,105,21064.47,46.11,260.91,888.29,2105.06,2621.78,2851.44,5708.10,5975.79,617.76,21075.24,-10.77
USA,2015,2,long,4,106,6377.95,17.46,37.86,88.35,285.59,602.29,1108.34,2315.16,1781.60,141.68,6378.33,-0.38
USA,2015,2,long,4,107,2736.07,6.15,24.56,68.01,125.12,256.83,392.97,907.55,877.69,78.13,2737.01,-0.94
USA,2015,2,long,4,108,49386.47,61.66,251.69,1093.33,3575.29,6984.98,9968.22,15478.75,11074.37,898,49386.29,0.18
USA,2015,2,long,4,109,2059.98,5.24,11.26,54.83,161.47,238.70,355.68,681.12,503.88,47.92,2060.1,-0.12
USA,2015,2,long,4,110,107998.66,63.6,350.97,1549.97,5505.80,11111.94,17855.57,35699.25,32768.61,3131.66,108037.37,-38.71
USA,2015,2,long,4,111,10201.32,215.93,263.02,549.36,967.74,1541.02,2094.75,2855.72,1622.39,88.55,10198.48,2.84
USA,2015,2,long,4,112,106903.51,703.03,812.68,1676.37,4339.38,8306.45,15215.15,36864.82,35988.00,3031.52,106937.4,-33.89
USA,2015,3,long,4,0,2712630.02,87227.95,59037.35,106061.77,269719.73,433715.48,549962.72,737930.26,441444.69,27530.07,2712630.02,0
USA,2015,3,long,4,1,2039281.52,84150.82,52756.34,86242.81,210928.10,334132.72,422205.17,536052.50,295675.7,17013.68,2039157.84,123.68
USA,2015,3,long,4,102,19.2,0,0,0,3.03,5.04,3.02,6.06,2.03,0,19.18,0.02
USA,2015,3,long,4,103,3390.85,47.15,52.12,93.42,243.33,460.40,700.07,1119.80,627.56,46.8,3390.65,0.20
USA,2015,3,long,4,104,20931.36,32.84,150.06,553.38,1834.97,3133.46,3593.41,5949.22,5170.80,523.47,20941.61,-10.25
USA,2015,3,long,4,105,42157.92,180.75,930.12,2757.12,6277.72,7477.10,6373.24,9372.92,8070.19,732.42,42171.58,-13.66
USA,2015,3,long,4,106,11624.57,39.01,99.04,248.80,700.81,1387.31,2182.42,3984.53,2798.04,186.09,11626.05,-1.48
USA,2015,3,long,4,107,5039.2,11.25,54.13,181.74,340.31,599.47,823.80,1623.30,1303.78,102.92,5040.7,-1.5
USA,2015,3,long,4,108,115191.69,195.31,840.08,3895.20,12994.75,22177.58,25474.42,31081.73,17421.10,1109.75,115189.92,1.77
USA,2015,3,long,4,109,4352.93,13.44,36.75,143.18,551.49,789.96,847.93,1210.35,708.81,51.02,4352.93,0
USA,2015,3,long,4,110,251124.74,251.44,1418.74,6098.63,21328.91,38166.43,49636.04,76506.60,53835.87,3934.25,251176.91,-52.17
USA,2015,3,long,4,111,17326.31,400.85,454.83,1028.78,1941.88,3022.63,3670.37,4479.81,2220.91,103.01,17323.07,3.24
USA,2015,3,long,4,112,202189.73,1905.09,2245.14,4818.71,12574.43,22363.38,34452.83,66543.44,53609.90,3726.66,202239.58,-49.85
USA,2016,1,long,4,0,1400232.02,61794.28,43556.99,66181.59,163978.37,268146.61,305220.15,336058.27,150248.40,5047.36,1400232.02,0
USA,2016,1,long,4,1,1042856.76,59962.36,39219.84,52380.54,122767.12,198644.03,227471.16,240552.53,98859.74,2967.38,1042824.7,32.06
USA,2016,1,long,4,102,13.12,0,1.02,0,1.01,3.03,6.04,2.02,0,0,13.12,0
USA,2016,1,long,4,103,1207.18,24.57,27.52,37.53,114.23,220.83,266.87,353.19,158.23,4.15,1207.12,0.06
USA,2016,1,long,4,104,9188.32,20.46,91.74,361.19,1260.58,2047.32,1966.88,2144.55,1226.63,70.51,9189.86,-1.54
USA,2016,1,long,4,105,22412.9,158.16,628.89,1900.52,4436.13,5298.97,3807.78,3795.49,2259.24,130.65,22415.83,-2.93
USA,2016,1,long,4,106,5548.32,17.36,67.27,194.74,450.84,776.43,1160.08,1811.31,1020.5,50.8,5549.33,-1.01
USA,2016,1,long,4,107,2829.21,11.28,32.62,99.42,265.85,452.77,595.15,835.53,504.10,33.18,2829.9,-0.69
USA,2016,1,long,4,108,65331.35,98.04,580.95,2853.57,9152.11,15588.99,15858.67,14871.54,6127.40,199.07,65330.34,1.01
USA,2016,1,long,4,109,2333.5,6.17,23.45,102.45,376.05,534.45,527.66,501.50,251.48,10.37,2333.58,-0.08
USA,2016,1,long,4,110,144529.01,165.53,1083.53,4541.14,15792.41,28397.11,32474.08,40136.29,21118.63,831.62,144540.34,-11.33
USA,2016,1,long,4,111,7042.79,171.65,229.33,511.36,955.29,1421.86,1556.83,1583.17,589.13,23.85,7042.47,0.32
USA,2016,1,long,4,112,96939.56,1158.7,1570.83,3199.13,8406.75,14760.82,19528.95,29471.15,18133.32,725.78,96955.43,-15.87
USA,2016,2,long,4,0,1344015.92,30549.85,22285.69,41927.21,106117.16,182835.44,255112.61,390489.61,291908.69,22789.66,1344015.92,0
USA,2016,2,long,4,1,1025320.73,29466.26,20139.46,35820.25,88011.9,148194.98,201886.42,289406.31,197985.99,14320.04,1025231.61,89.12
USA,2016,2,long,4,102,18.2,0,0,1.02,2.02,1.01,6.05,6.06,2.04,0,18.2,0
USA,2016,2,long,4,103,2355.55,21.55,38.79,47.69,142.44,301.27,509.05,755.02,508.01,31.3,2355.12,0.43
USA,2016,2,long,4,104,12336.04,11.31,64.29,205.99,685.89,1270.59,1928.36,3747.09,3903.39,529.01,12345.92,-9.88
USA,2016,2,long,4,105,21825.7,35.81,278.58,870.55,2157.77,2755.88,3122.81,5775.82,6174.13,665.7,21837.05,-11.35
USA,2016,2,long,4,106,6542.47,16.37,38.80,100.46,296.02,646.97,1193.70,2248.27,1836.99,165.93,6543.51,-1.04
USA,2016,2,long,4,107,3009.74,1.02,15.31,47.67,147.47,273.06,493.92,973.39,977.51,81.39,3010.74,-1
USA,2016,2,long,4,108,47628.69,43.05,222.40,1012.57,3581.85,6830.81,9871.87,14748.21,10512.27,803.46,47626.49,2.2
USA,2016,2,long,4,109,1955.65,1.02,13.27,55.80,147.44,277.09,353.80,569.03,503.05,35.48,1955.98,-0.33
USA,2016,2,long,4,110,105635.05,71.75,338.74,1459.93,5510.90,11730.09,17933.61,33761.93,31861.64,3003.08,105671.67,-36.62
USA,2016,2,long,4,111,10343.01,250.9,285.81,556.04,977.78,1590.00,2063.40,2832.96,1697.92,85.56,10340.37,2.64
USA,2016,2,long,4,112,107045.09,630.81,850.24,1749.24,4455.68,8963.69,15749.62,35665.52,35945.75,3068.71,107079.26,-34.17
USA,2016,3,long,4,0,2744247.94,92344.13,65842.68,108108.80,270095.53,450982.05,560332.76,726547.88,442157.09,27837.02,2744247.94,0
USA,2016,3,long,4,1,2068177.50,89428.65,59359.35,88200.76,210779.06,346838.99,429357.56,529958.82,296845.7,17287.46,2068056.35,121.15
USA,2016,3,long,4,102,31.32,0,1.02,1.02,3.03,4.03,12.09,8.08,2.04,0,31.31,0.01
USA,2016,3,long,4,103,3562.73,46.11,66.30,85.24,256.67,522.10,775.91,1108.21,666.24,35.45,3562.23,0.5
USA,2016,3,long,4,104,21524.36,31.78,156.03,567.18,1946.47,3317.92,3895.23,5891.65,5130.03,599.52,21535.81,-11.45
USA,2016,3,long,4,105,44238.59,193.97,907.47,2771.07,6593.90,8054.85,6930.59,9571.31,8433.38,796.34,44252.88,-14.29
USA,2016,3,long,4,106,12090.79,33.73,106.07,295.19,746.85,1423.40,2353.78,4059.59,2857.50,216.73,12092.84,-2.05
USA,2016,3,long,4,107,5838.95,12.3,47.92,147.10,413.32,725.83,1089.09,1808.92,1481.62,114.56,5840.66,-1.71
USA,2016,3,long,4,108,112960.04,141.09,803.35,3866.14,12733.96,22419.81,25730.55,29619.75,16639.66,1002.53,112956.84,3.2
USA,2016,3,long,4,109,4289.15,7.19,36.71,158.26,523.49,811.55,881.47,1070.52,754.52,45.84,4289.55,-0.4
USA,2016,3,long,4,110,250164.07,237.27,1422.26,6001.07,21303.30,40127.20,50407.69,73898.22,52980.27,3834.7,250211.98,-47.91
USA,2016,3,long,4,111,17385.8,422.55,515.13,1067.40,1933.06,3011.87,3620.23,4416.14,2287.05,109.41,17382.84,2.96
USA,2016,3,long,4,112,203984.64,1789.49,2421.07,4948.37,12862.42,23724.50,35278.57,65136.67,54079.08,3794.48,204034.65,-50.01
USA,2017,1,long,4,0,1439111.02,61860.93,45873.90,66913.21,161985.25,272219.23,322200.38,345131.81,157487.96,5438.35,1439111.02,0
USA,2017,1,long,4,1,1072069.84,60013.96,41352.51,53584.79,121314.24,201149.71,239735.34,248109.32,103514.5,3265.86,1072040.23,29.61
USA,2017,1,long,4,102,12.12,1.02,0,0,0,2.02,4.03,4.04,1.02,0,12.13,-0.01
USA,2017,1,long,4,103,1101.64,20.5,33.61,49.67,115.17,183.48,243.70,318.65,134.69,2.07,1101.54,0.1
USA,2017,1,long,4,104,9977.12,14.26,140.55,389.28,1229.52,2187.68,2194.30,2388.88,1366.58,67.3,9978.35,-1.23
USA,2017,1,long,4,105,24179.63,145.6,701.80,1875.62,4407.39,5462.76,4224.84,4306.29,2920.97,137.72,24182.99,-3.36
USA,2017,1,long,4,106,5913.85,19.4,69.27,225.08,512.31,836.89,1228.78,1898.19,1083.10,41.42,5914.44,-0.59
USA,2017,1,long,4,107,3471.93,14.3,45.83,98.34,269.75,471.80,732.11,1070.96,732.41,37.28,3472.78,-0.85
USA,2017,1,long,4,108,65021.97,107.19,612.11,2753.22,8846.19,15380.43,16285.92,14696.84,6145.34,193.63,65020.87,1.1
USA,2017,1,long,4,109,2597.02,15.56,27.50,106.44,411.17,648.25,582.06,559.66,232.93,13.46,2597.03,-0.01
USA,2017,1,long,4,110,147633.68,163.28,1057.31,4203.22,15495.36,29079.87,34415.06,40615.97,21757.87,855.37,147643.31,-9.63
USA,2017,1,long,4,111,7244.93,186.00,212.86,458.25,990.11,1438.62,1696.83,1591.14,644.19,26.92,7244.92,0.01
USA,2017,1,long,4,112,99887.29,1159.86,1620.55,3169.30,8394.04,15377.72,20857.41,29571.87,18954.36,797.32,99902.43,-15.14
USA,2017,2,long,4,0,1374391.91,30230.76,22971.63,41685.16,104576.87,185797.13,268850.44,393280.88,303071.38,23927.66,1374391.91,0
USA,2017,2,long,4,1,1051260.47,29163.94,20752.65,35716.4,86688.04,150612.94,213172.38,292782.58,207236.43,15052.06,1051177.42,83.05
USA,2017,2,long,4,102,19.24,1.02,1.02,0,0,3.03,2.02,6.06,6.10,0,19.25,-0.01
USA,2017,2,long,4,103,2224.19,18.39,34.68,61.90,137.24,285.19,475.67,698.32,495.33,16.63,2223.35,0.84
USA,2017,2,long,4,104,12873.4,5.12,44.84,179.58,738.69,1367.45,1987.32,3863.66,4156.31,539.5,12882.47,-9.07
USA,2017,2,long,4,105,23872.91,56.23,319.20,838.31,2163.87,2909.59,3438.92,6312.52,7069.82,776.6,23885.06,-12.15
USA,2017,2,long,4,106,6927.59,11.25,41.78,107.55,287.60,708.44,1280.89,2301.05,1992.20,198.54,6929.3,-1.71
USA,2017,2,long,4,107,3885.94,5.12,21.42,48.70,157.43,337.58,641.95,1299.70,1267.83,107.07,3886.8,-0.86
USA,2017,2,long,4,108,46442.89,61.44,226.32,994.35,3365.71,6897.40,9950.33,13874.31,10284.91,785.93,46440.7,2.19
USA,2017,2,long,4,109,2155.29,2.08,16.31,46.65,171.54,309.37,410.15,607.36,542.35,49.9,2155.71,-0.42
USA,2017,2,long,4,110,105879.46,57.36,331.28,1421.50,5455.39,11608.09,18457.78,33265.83,32101.62,3215.23,105914.08,-34.62
USA,2017,2,long,4,111,10547.1,203.48,303.92,564.28,947.59,1665.74,2211.00,2773.94,1787.30,87.32,10544.57,2.53
USA,2017,2,long,4,112,108303.43,645.33,878.21,1705.94,4463.77,9092.31,16822.03,35495.55,36131.18,3098.88,108333.2,-29.77
USA,2017,3,long,4,0,2813502.93,92091.69,68845.53,108598.37,266562.12,458016.36,591050.82,738412.69,460559.34,29366.01,2813502.93,0
USA,2017,3,long,4,1,2123330.31,89177.88,62105.13,89301.2,208002.24,351762.69,452907.68,540891.93,310750.95,18317.9,2123217.6,112.71
USA,2017,3,long,4,102,31.36,2.04,1.02,0,0,5.04,6.04,10.09,7.12,0,31.35,0.01
USA,2017,3,long,4,103,3325.83,38.89,68.29,111.57,252.42,468.66,719.38,1016.95,630.01,18.7,3324.87,0.96
USA,2017,3,long,4,104,22850.51,19.38,185.39,568.84,1968.21,3555.13,4181.63,6252.53,5522.88,606.8,22860.79,-10.28
USA,2017,3,long,4,105,48052.55,201.84,1021.00,2713.94,6571.26,8372.35,7663.76,10618.81,9990.79,914.33,48068.08,-15.53
USA,2017,3,long,4,106,12841.44,30.65,111.05,332.63,799.91,1545.31,2509.67,4199.23,3075.30,239.97,12843.72,-2.28
USA,2017,3,long,4,107,7357.87,19.41,67.25,147.04,427.18,809.38,1374.06,2370.66,2000.24,144.34,7359.56,-1.69
USA,2017,3,long,4,108,111464.86,168.63,838.45,3747.56,12211.90,22277.83,26236.26,28571.16,16430.25,979.56,111461.6,3.26
USA,2017,3,long,4,109,4752.31,17.64,43.81,153.08,582.71,957.62,992.22,1167.02,775.27,63.36,4752.73,-0.42
USA,2017,3,long,4,110,253513.14,220.66,1388.59,5624.73,20950.76,40687.96,52872.84,73881.79,53859.49,4070.6,253557.42,-44.28
USA,2017,3,long,4,111,17792.03,389.48,516.79,1022.53,1937.71,3104.36,3907.84,4365.09,2431.50,114.24,17789.54,2.49
USA,2017,3,long,4,112,208190.72,1805.19,2498.76,4875.25,12857.82,24470.03,37679.44,65067.43,55085.54,3896.21,208235.67,-44.95
USA,2018,1,long,4,0,1458468.99,59034.42,45760.41,66828.00,159330.91,278580.84,336366.12,346238.88,160632.99,5696.42,1458468.99,0
USA,2018,1,long,4,1,1084505.16,57211.8,41245.83,53394.37,118844.12,205289.82,250454.08,248517.76,106058,3463.71,1084479.49,25.67
USA,2018,1,long,4,102,11.09,0,0,1.01,0,4.04,4.03,2.02,0,0,11.1,-0.01
USA,2018,1,long,4,103,1238.68,16.41,45.80,52.70,113.10,218.74,299.02,322.67,166.15,4.12,1238.71,-0.03
USA,2018,1,long,4,104,10179.63,11.19,94.62,382.03,1329.88,2242.89,2340.80,2323.30,1385.11,71.09,10180.91,-1.28
USA,2018,1,long,4,105,26210.58,177.1,774.26,1916.58,4519.11,5859.06,4727.06,4975.83,3127,137.02,26213.02,-2.44
USA,2018,1,long,4,106,6104.57,13.23,68.2,190.64,448.56,967.17,1330.65,1852.45,1188.18,46.38,6105.46,-0.89
USA,2018,1,long,4,107,4063.92,14.25,40.69,131.74,335.24,597.75,858.8,1196.02,859.19,30.91,4064.59,-0.67
USA,2018,1,long,4,108,64648.45,118.07,635.88,2631.71,8534.37,15664.97,16396.88,14486.79,5973.57,205.03,64647.27,1.18
USA,2018,1,long,4,109,2553.41,5.09,17.30,79.03,434.22,614.91,653.41,519.31,221.86,8.24,2553.37,0.04
USA,2018,1,long,4,110,149768,150.80,1060.21,4317.11,15377.71,29628.42,35727.55,40670.44,21959.88,884.04,149776.16,-8.16
USA,2018,1,long,4,111,7453.05,169.94,264.58,490.59,948.28,1530.37,1758.12,1589.46,677.75,23.7,7452.79,0.26
USA,2018,1,long,4,112,101732.45,1146.54,1513.04,3240.49,8446.32,15962.70,21815.72,29782.83,19016.3,822.18,101746.12,-13.67
USA,2018,2,long,4,0,1380735.88,29333.68,23243.59,40815.03,101608.56,186559.73,277951.04,392371.95,304297.69,24554.61,1380735.88,0
USA,2018,2,long,4,1,1056114.14,28255.07,21023.32,34854.11,84316.17,151347.66,220406.50,292526.08,207691.7,15614.7,1056035.31,78.83
USA,2018,2,long,4,102,15.15,0,1.02,0,3.03,5.04,3.03,2.02,1.02,0,15.16,-0.01
USA,2018,2,long,4,103,2334.6,31.69,46.91,62.87,138.30,251.95,515.09,733.49,524.60,29.08,2333.98,0.62
USA,2018,2,long,4,104,12976.34,8.22,65.19,193.61,685.47,1326.3,2217.61,3792.05,4167.49,528.55,12984.49,-8.15
USA,2018,2,long,4,105,25880.47,68.51,299.52,863.79,2040.50,3041.88,3710.62,7005.65,7978.39,884.76,25893.62,-13.15
USA,2018,2,long,4,106,6951.08,9.2,43.83,103.4,282.70,695.36,1327.54,2292.54,2020.98,176.53,6952.08,-1
USA,2018,2,long,4,107,4563.13,3.07,27.53,52.72,175.66,389.0,747.93,1500.56,1550.07,117.34,4563.88,-0.75
USA,2018,2,long,4,108,45040.67,58.59,248.52,954.84,3188.15,6715.02,9992.36,13259.95,9853.38,768.42,45039.23,1.44
USA,2018,2,long,4,109,2133.61,4.16,9.18,31.43,182.72,305.38,438.49,598.12,517.76,46.73,2133.97,-0.36
USA,2018,2,long,4,110,105344.45,50.11,307.61,1424.18,5196.49,11687.24,19036.26,32862.59,31702.36,3108.13,105374.97,-30.52
USA,2018,2,long,4,111,10772.42,222.27,308.74,529.26,960.18,1594.34,2236.77,2958.01,1862.83,97.61,10770.01,2.41
USA,2018,2,long,4,112,108609.82,622.79,862.22,1744.82,4439.19,9200.56,17318.84,34840.89,36427.11,3182.76,108639.18,-29.36
USA,2018,3,long,4,0,2839204.87,88368.1,69004.00,107643.03,260939.47,465140.57,614317.16,738610.83,464930.68,30251.03,2839204.87,0
USA,2018,3,long,4,1,2140619.31,85466.85,62269.2,88248.5,203160.29,356637.49,470860.6,541043.85,313749.69,19078.43,2140514.9,104.41
USA,2018,3,long,4,102,26.24,0,1.02,1.01,3.03,9.07,7.05,4.04,1.02,0,26.24,0
USA,2018,3,long,4,103,3573.28,48.1,92.70,115.57,251.40,470.70,814.11,1056.17,690.75,33.2,3572.7,0.58
USA,2018,3,long,4,104,23155.97,19.41,159.81,575.64,2015.36,3569.19,4558.40,6115.34,5552.61,599.63,23165.39,-9.42
USA,2018,3,long,4,105,52091.05,245.61,1073.78,2780.36,6559.61,8900.93,8437.67,11981.48,11105.38,1021.78,52106.6,-15.55
USA,2018,3,long,4,106,13055.65,22.44,112.02,294.04,731.26,1662.52,2658.19,4144.99,3209.16,222.91,13057.53,-1.88
USA,2018,3,long,4,107,8627.04,17.32,68.22,184.46,510.9,986.75,1606.74,2696.58,2409.26,148.25,8628.48,-1.44
USA,2018,3,long,4,108,109689.12,176.66,884.41,3586.55,11722.52,22379.99,26389.24,27746.74,15826.96,973.45,109686.52,2.6
USA,2018,3,long,4,109,4687.02,9.25,26.47,110.46,616.94,920.29,1091.89,1117.43,739.62,54.97,4687.32,-0.3
USA,2018,3,long,4,110,255112.45,200.91,1367.81,5741.29,20574.20,41315.67,54763.82,73533.04,53662.24,3992.17,255151.15,-38.70
USA,2018,3,long,4,111,18225.47,392.22,573.32,1019.84,1908.45,3124.71,3994.89,4547.46,2540.58,121.31,18222.78,2.69
USA,2018,3,long,4,112,210342.27,1769.33,2375.24,4985.31,12885.51,25163.26,39134.56,64623.71,55443.41,4004.93,210385.26,-42.99
USA,2019,1,long,4,0,1473822.93,58097.07,47150.29,67555.70,156558.94,281831.68,345821.15,348511.36,162341.33,5955.41,1473822.93,0
USA,2019,1,long,4,1,1095905.13,56387.39,42743.8,54185.54,117135.24,207984.46,256838.31,250406.16,106635.94,3557.09,1095873.93,31.2
USA,2019,1,long,4,102,8.07,0,0,0,2.02,3.03,1.01,2.02,0,0,8.08,-0.01
USA,2019,1,long,4,103,1283.38,17.35,47.86,58.78,110.13,214.82,311.25,348.86,170.22,4.12,1283.39,-0.01
USA,2019,1,long,4,104,10404.52,23.42,86.53,379.93,1237.63,2402.53,2428.56,2364.49,1414.59,67.99,10405.67,-1.15
USA,2019,1,long,4,105,28322.07,151.77,769.72,2050.13,4551.13,6459.27,5402.84,5266.19,3485.54,189.57,28326.16,-4.09
USA,2019,1,long,4,106,6361.03,13.24,79.40,204.71,464.73,992.39,1438.40,2001.56,1117.73,49.45,6361.61,-0.58
USA,2019,1,long,4,107,4841.25,9.17,51.92,135.78,355.64,660.58,1020.38,1554.93,1017.42,36.05,4841.87,-0.62
USA,2019,1,long,4,108,62262.1,85.69,589.41,2466.96,8083.73,14962.83,16124.12,14006.18,5750.77,190.58,62260.27,1.83
USA,2019,1,long,4,109,2588.71,0,25.45,97.28,357.64,637.43,649.70,535.40,271.52,14.42,2588.84,-0.13
USA,2019,1,long,4,110,150491.69,167.23,1000.79,4171.55,14913.04,29499.52,37076.99,40339.92,22392.66,940.63,150502.33,-10.64
USA,2019,1,long,4,111,7570.69,164.77,220.94,457.99,1003.27,1563.27,1800.01,1615.25,720.31,24.72,7570.53,0.16
USA,2019,1,long,4,112,103784.29,1077.04,1534.47,3347.05,8344.74,16451.55,22729.58,30070.40,19364.63,880.79,103800.25,-15.96
USA,2019,2,long,4,0,1381014.96,28746.86,23695.77,40536.30,98562.13,189101.02,284842.07,388981.40,301774.61,24774.8,1381014.96,0
USA,2019,2,long,4,1,1056004.89,27658.45,21554.7,34712.03,81725.66,153083.27,225512.64,290043.74,205813.29,15827.3,1055931.08,73.81
USA,2019,2,long,4,102,11.12,0,0,0,1.01,1.01,5.05,2.02,2.03,0,11.12,0
USA,2019,2,long,4,103,2384.04,22.58,37.70,58.81,166.62,296.31,524.31,747.38,504.85,24.87,2383.43,0.61
USA,2019,2,long,4,104,12900.2,8.21,49.93,188.49,630.97,1396.84,2250.49,3918.02,3944.63,519.24,12906.82,-6.62
USA,2019,2,long,4,105,27635.91,48.16,295.54,884.97,2104.31,3290.79,4232.92,7297.05,8531.43,964.94,27650.11,-14.2
USA,2019,2,long,4,106,7239.49,10.27,48.91,107.47,288.76,771.98,1373.32,2388.67,2060.38,190.7,7240.46,-0.97
USA,2019,2,long,4,107,5476.38,7.17,23.44,71.95,185.77,453.53,869.17,1843.40,1854.27,168.94,5477.64,-1.26
USA,2019,2,long,4,108,43058.45,48.18,218.08,933.38,2979.29,6556.13,9863.24,12560.47,9165.94,731.72,43056.43,2.02
USA,2019,2,long,4,109,2117.47,4.13,6.12,48.67,151.45,333.6,464.81,589.84,465.23,53.89,2117.74,-0.27
USA,2019,2,long,4,110,104069.78,57.42,333.24,1319.52,4977.09,11787.80,19543.20,32199.78,30831.30,3048.15,104097.5,-27.72
USA,2019,2,long,4,111,11122.9,217.25,279.22,563.64,974.33,1691.16,2337.21,2899.57,2054.82,103.64,11120.84,2.06
USA,2019,2,long,4,112,108994.33,665.04,848.89,1647.37,4376.87,9438.60,17865.71,34491.46,36546.44,3141.41,109021.79,-27.46
USA,2019,3,long,4,0,2854837.89,86843.93,70846.06,108092.00,255121.07,470932.70,630663.22,737492.76,464115.94,30730.21,2854837.89,0
USA,2019,3,long,4,1,2151910.04,84045.8,64298.52,88897.55,198860.90,361067.74,482350.97,540449.86,312449.23,19384.37,2151804.94,105.1
USA,2019,3,long,4,102,19.19,0,0,0,3.03,4.04,6.05,4.04,2.03,0,19.19,0
USA,2019,3,long,4,103,3667.41,39.94,85.56,117.59,276.74,511.14,835.56,1096.24,675.06,28.99,3666.82,0.59
USA,2019,3,long,4,104,23304.72,31.63,136.46,568.43,1868.60,3799.36,4679.06,6282.51,5359.22,587.23,23312.5,-7.78
USA,2019,3,long,4,105,55957.97,199.93,1065.26,2935.10,6655.43,9750.07,9635.77,12563.25,12016.97,1154.51,55976.29,-18.32
USA,2019,3,long,4,106,13600.52,23.52,128.32,312.18,753.49,1764.37,2811.71,4390.24,3178.11,240.15,13602.09,-1.57
USA,2019,3,long,4,107,10317.63,16.34,75.35,207.73,541.41,1114.11,1889.55,3398.34,2871.68,204.99,10319.5,-1.87
USA,2019,3,long,4,108,105320.54,133.88,807.50,3400.34,11063.02,21518.96,25987.35,26566.65,14916.72,922.3,105316.72,3.82
USA,2019,3,long,4,109,4706.18,4.13,31.55,145.94,509.10,971.03,1114.51,1125.24,736.75,68.32,4706.57,-0.39
USA,2019,3,long,4,110,254561.48,224.65,1334.03,5491.07,19890.13,41287.30,56620.19,72539.70,53223.97,3988.78,254599.82,-38.34
USA,2019,3,long,4,111,18693.59,382.03,500.16,1021.65,1977.6,3254.43,4137.22,4514.83,2775.12,128.36,18691.4,2.19
USA,2019,3,long,4,112,212778.62,1742.08,2383.35,4994.42,12721.62,25890.15,40595.28,64561.86,55911.08,4022.21,212822.05,-43.43
USA,2020,1,long,4,0,1769884.06,66290.02,60345.69,84586.80,185364.26,340215.19,425030.96,411021.33,189709.46,7320.35,1769884.06,0
USA,2020,1,long,4,1,1364609.16,64488.47,55176.45,69698.08,142171.91,258122.51,327939.45,309931.15,132432.71,4614.31,1364575.04,34.12
USA,2020,1,long,4,102,8.08,1.02,0,0,2.02,2.02,1.01,1.01,1.01,0,8.09,-0.01
USA,2020,1,long,4,103,1363.66,25.46,44.68,72.91,138.27,258.96,304.94,327.24,187.15,4.11,1363.72,-0.06
USA,2020,1,long,4,104,12190.78,20.35,141.13,432.26,1468.48,2962.43,2916.62,2617.88,1551.98,81.1,12192.23,-1.45
USA,2020,1,long,4,105,33673.26,171.01,890.59,2327.75,5151.42,7861.71,6603.16,6272.99,4165.06,234.05,33677.74,-4.48
USA,2020,1,long,4,106,7135.5,22.38,72.11,207.53,615.71,1130.53,1613.28,2188.01,1211.99,74.94,7136.48,-0.98
USA,2020,1,long,4,107,5916.86,3.06,64.99,133.67,410.79,826.23,1314.38,1849.75,1251.35,63.64,5917.86,-1
USA,2020,1,long,4,108,65663.6,119.49,689.53,2772.04,8619.70,16229.52,17263.94,14085.53,5665.62,216.61,65661.98,1.62
USA,2020,1,long,4,109,2702.89,6.2,21.32,133.61,403.72,719.44,656.19,523.57,228.66,10.27,2702.98,-0.09
USA,2020,1,long,4,110,161367.08,186.44,1119.99,4555.94,16089.64,32809.76,40371.69,41908.12,23228.82,1109.74,161380.14,-13.06
USA,2020,1,long,4,111,8087.26,164.39,304.74,580.25,1102.36,1631.58,1858.06,1692.7,725.28,27.72,8087.08,0.18
USA,2020,1,long,4,112,107165.93,1081.75,1820.16,3672.76,9190.24,17660.50,24188.24,29623.38,19059.83,883.86,107180.72,-14.79
USA,2020,2,long,4,0,1613844.9,30961.64,28528.66,48260.09,112593.59,223515.13,341304.79,452155.37,347213.97,29311.66,1613844.9,0
USA,2020,2,long,4,1,1273369.91,29890.91,26064.55,41537.59,94334.9,183861.53,276777.01,350669.1,250395.10,19764.00,1273294.69,75.22
USA,2020,2,long,4,102,25.26,0,1.02,1.01,1.01,4.03,4.03,9.08,4.06,1.03,25.27,-0.01
USA,2020,2,long,4,103,2516.75,22.51,62.15,50.67,153.25,315.23,550.97,810.83,516.51,34.01,2516.13,0.62
USA,2020,2,long,4,104,14852.94,8.22,62.1,252.32,765.21,1806.84,2617.82,4195.47,4533.88,619.46,14861.32,-8.38
USA,2020,2,long,4,105,32659.88,64.45,345.15,1022.44,2509.47,4002.51,5215.48,8650.21,9764.49,1099.77,32673.97,-14.09
USA,2020,2,long,4,106,8114.9,13.3,59.05,131.74,313.54,793.63,1588.45,2700.76,2292.86,222.63,8115.96,-1.06
USA,2020,2,long,4,107,6603.05,6.14,16.28,73.98,189.56,542.93,1160.53,2153.56,2268.99,192.77,6604.74,-1.69
USA,2020,2,long,4,108,44493.82,34.77,252.43,1046.76,3248.41,7116.75,10523.88,12653.34,8816.33,799.85,44492.52,1.3
USA,2020,2,long,4,109,2210.74,3.11,18.32,61.81,159.29,351.50,520.75,585.92,460.86,49.47,2211.03,-0.29
USA,2020,2,long,4,110,109819.29,49.14,324.71,1485.55,5368.67,12879.96,21442.10,33255.08,31747.77,3294.27,109847.25,-27.96
USA,2020,2,long,4,111,11489.81,238.79,360.46,698.18,975.99,1778.66,2476.81,2917.50,1912.92,128.84,11488.15,1.66
USA,2020,2,long,4,112,107688.55,630.3,962.44,1898.04,4574.29,10061.56,18426.96,33554.52,34500.20,3105.56,107713.87,-25.32
USA,2020,3,long,4,0,3383728.96,97251.66,88874.35,132846.89,297957.85,563730.32,766335.75,863176.70,536923.43,36632.01,3383728.96,0
USA,2020,3,long,4,1,2637979.08,94379.4,81240.98,111235.64,236506.8,441984.04,604716.46,660600.25,382827.81,24378.31,2637869.69,109.39
USA,2020,3,long,4,102,33.34,1.02,1.02,1.01,3.03,6.05,5.04,10.09,5.07,1.03,33.36,-0.02
USA,2020,3,long,4,103,3880.41,47.97,106.83,123.58,291.51,574.19,855.91,1138.07,703.66,38.12,3879.84,0.57
USA,2020,3,long,4,104,27043.72,28.57,203.23,684.58,2233.70,4769.27,5534.44,6813.35,6085.87,700.55,27053.56,-9.84
USA,2020,3,long,4,105,66333.14,235.46,1235.74,3350.19,7660.89,11864.23,11818.63,14923.2,13929.55,1333.82,66351.71,-18.57
USA,2020,3,long,4,106,15250.4,35.69,131.17,339.27,929.24,1924.16,3201.73,4888.77,3504.85,297.57,15252.45,-2.05
USA,2020,3,long,4,107,12519.91,9.2,81.28,207.65,600.35,1369.15,2474.91,4003.31,3520.33,256.42,12522.6,-2.69
USA,2020,3,long,4,108,110157.42,154.23,941.98,3818.82,11868.12,23346.27,27787.82,26738.87,14481.94,1016.46,110154.51,2.91
USA,2020,3,long,4,109,4913.63,9.3,39.64,195.42,563.01,1070.94,1176.94,1109.49,689.52,59.74,4914,-0.37
USA,2020,3,long,4,110,271186.37,235.57,1444.70,6041.49,21458.32,45689.73,61813.80,75163.2,54976.6,4404.01,271227.42,-41.05
USA,2020,3,long,4,111,19577.06,403.2,665.18,1278.44,2078.36,3410.24,4334.87,4610.20,2638.20,156.56,19575.25,1.81
USA,2020,3,long,4,112,214854.48,1712.05,2782.60,5570.80,13764.52,27722.05,42615.20,63177.90,53560.03,3989.42,214894.57,-40.09
USA,2021,1,long,4,0,1838107.95,69814.64,69999.63,98335.75,203849.75,366851.97,443034.88,401934.31,177405.77,6881.25,1838107.95,0
USA,2021,1,long,4,1,1429829.42,67848.99,64704.91,83017.19,160504.47,282434.55,342823.39,301832.37,122275.15,4357.91,1429798.93,30.49
USA,2021,1,long,4,102,11.08,0,0,0,1.01,2.01,6.03,1.01,1.01,0,11.07,0.01
USA,2021,1,long,4,103,1382.85,22.48,56.95,60.71,127.21,209.53,334.03,365.59,195.12,11.31,1382.93,-0.08
USA,2021,1,long,4,104,12827.95,31.55,144.43,510.14,1623.58,3111.00,3087.98,2730.51,1508.93,81.2,12829.32,-1.37
USA,2021,1,long,4,105,34812.64,180.88,845.23,2379.82,5285.06,8216.09,7036.50,6535.0,4123.24,214.83,34816.65,-4.01
USA,2021,1,long,4,106,7405.29,27.43,82.38,232.77,572.47,1189.69,1703.35,2193.56,1342.93,61.67,7406.25,-0.96
USA,2021,1,long,4,107,6542.28,12.19,57.98,170.11,415.03,927.92,1499.35,2069.01,1335.04,56.54,6543.17,-0.89
USA,2021,1,long,4,108,66196.41,132.5,692.59,2707.19,8621.26,16573.44,17716.81,13960.71,5585.21,205.56,66195.27,1.14
USA,2021,1,long,4,109,2878.9,8.24,28.49,106.30,440.35,700.38,767.93,590.37,224.49,12.34,2878.89,0.01
USA,2021,1,long,4,110,159184.3,184.31,1084.19,4679.83,15741.60,33241.75,40965.14,40430.36,21861.99,1006.26,159195.43,-11.13
USA,2021,1,long,4,111,8588.29,185.22,330.52,577.95,1071.24,1770.94,2028.32,1830.92,767.34,25.69,8588.14,0.15
USA,2021,1,long,4,112,108448.54,1180.85,1971.96,3893.74,9446.47,18474.67,25066.05,29394.90,18185.32,847.94,108461.9,-13.36
USA,2021,2,long,4,0,1626123,33401.49,33485.47,56348.81,123660.74,244712.45,359136.07,433773.14,314989.45,26615.38,1626123.00,0
USA,2021,2,long,4,1,1289286.42,32307.44,30867.87,49646.5,105300.98,203585.59,292084.74,334793.01,223117.91,17512.37,1289216.41,70.01
USA,2021,2,long,4,102,14.13,1.02,0,1.01,1.01,3.02,5.04,1.01,2.03,0,14.14,-0.01
USA,2021,2,long,4,103,2536.46,26.53,68.08,70.83,149.28,340.29,549.90,783.01,521.23,26.79,2535.94,0.52
USA,2021,2,long,4,104,14513.1,7.13,73.12,277.23,821.09,1843.44,2776.69,4148.25,4045.64,526.49,14519.08,-5.98
USA,2021,2,long,4,105,33603.85,49.92,380.87,995.66,2317.06,4252.72,5529.20,8774.08,10158.95,1160.14,33618.6,-14.75
USA,2021,2,long,4,106,8440.57,12.22,49.78,137.59,303.63,835.62,1769.55,2721.36,2360.53,252.43,8442.71,-2.14
USA,2021,2,long,4,107,7536.71,14.27,32.50,77.92,205.82,598.09,1302.41,2472.61,2595.12,240.1,7538.84,-2.13
USA,2021,2,long,4,108,43842.96,50.08,280.33,1058.26,3196.54,7323.38,10642.44,12155.64,8432.46,702.68,43841.81,1.15
USA,2021,2,long,4,109,2216.41,9.18,14.22,49.58,160.38,325.19,557.95,606.42,437.11,56.67,2216.7,-0.29
USA,2021,2,long,4,110,104460.25,60.23,344.27,1445.79,5429.85,13198.13,21703.07,31009.46,28363.59,2929.22,104483.61,-23.36
USA,2021,2,long,4,111,11684.54,204.27,350.48,627.37,1017.84,1838.42,2602.44,2999.81,1909.63,132.91,11683.17,1.37
USA,2021,2,long,4,112,107987.6,659.20,1023.95,1961.07,4757.26,10568.56,19612.64,33308.48,33045.25,3075.58,108011.99,-24.39
USA,2021,3,long,4,0,3464230.95,103216.13,103485.10,154684.56,327510.49,611564.42,802170.95,835707.45,492395.22,33496.63,3464230.95,0.00
USA,2021,3,long,4,1,2719115.86,100156.45,95572.82,132663.68,265805.5,486020.07,634908.14,636625.4,345393.02,21870.3,2719015.38,100.48
USA,2021,3,long,4,102,25.21,1.02,0,1.01,2.02,5.03,11.07,2.02,3.04,0,25.21,0
USA,2021,3,long,4,103,3919.31,49.01,125.03,131.55,276.49,549.82,883.92,1148.60,716.36,38.09,3918.87,0.44
USA,2021,3,long,4,104,27341.05,38.68,217.54,787.37,2444.66,4954.44,5864.66,6878.75,5554.57,607.69,27348.36,-7.31
USA,2021,3,long,4,105,68416.48,230.79,1226.10,3375.47,7602.10,12468.82,12565.70,15309.08,14282.20,1374.97,68435.23,-18.75
USA,2021,3,long,4,106,15845.86,39.65,132.15,370.36,876.10,2025.31,3472.90,4914.92,3703.46,314.1,15848.95,-3.09
USA,2021,3,long,4,107,14078.99,26.46,90.48,248.03,620.84,1526.02,2801.76,4541.62,3930.17,296.63,14082.01,-3.02
USA,2021,3,long,4,108,110039.36,182.57,972.92,3765.46,11817.80,23896.82,28359.25,26116.37,14017.68,908.24,110037.11,2.25
USA,2021,3,long,4,109,5095.31,17.42,42.71,155.88,600.73,1025.58,1325.88,1196.78,661.60,69,5095.58,-0.27
USA,2021,3,long,4,110,263644.54,244.55,1428.45,6125.62,21171.45,46439.89,62668.21,71439.81,50225.59,3935.48,263679.05,-34.51
USA,2021,3,long,4,111,20272.84,389.48,680.99,1205.33,2089.08,3609.38,4630.77,4830.73,2676.96,158.61,20271.33,1.51
USA,2021,3,long,4,112,216436.14,1840.05,2995.91,5854.80,14203.72,29043.24,44678.69,62703.37,51230.57,3923.52,216473.87,-37.73